{
  "val_iou": [
    0.16794809140264988,
    0.19700321881100535,
    0.2001019548624754,
    0.20235611591488123,
    0.20572614623233676,
    0.23361477628350258,
    0.23439723858609796,
    0.25206350069493055,
    0.2390953954309225,
    0.2429959075525403,
    0.2621571677736938,
    0.23467931663617492,
    0.2748212730512023,
    0.2720642457716167,
    0.2824991182424128,
    0.26738120848312974,
    0.2713458826765418,
    0.27189221046864986,
    0.28619912546128035,
    0.27934833988547325,
    0.28010422410443425,
    0.28155478136613965,
    0.2804879955947399,
    0.28578522289171815,
    0.2898055170662701,
    0.2896730280481279,
    0.2845471021719277,
    0.2870329022407532,
    0.2915829294361174,
    0.29207776160910726,
    0.2877030707895756,
    0.291772429831326,
    0.2906637010164559,
    0.2878341577015817,
    0.28967775125056505,
    0.2969288029707968,
    0.2876932676881552,
    0.3025991269387305,
    0.29943454451859,
    0.2972163246013224,
    0.29956448869779706,
    0.2954667438752949,
    0.30132045643404126,
    0.3022431922145188,
    0.3008201513439417,
    0.3022573720663786,
    0.30390531150624156,
    0.2941510765813291,
    0.3075555395334959,
    0.30002442421391606,
    0.31136938743293285,
    0.3070616810582578,
    0.30545181361958385,
    0.3058549230918288,
    0.2990605430677533,
    0.3025092198513448,
    0.3100602780468762,
    0.3083077543415129,
    0.30863983975723386,
    0.3079922301694751,
    0.31429888447746634,
    0.3004371775314212,
    0.31458102399483323,
    0.313952652271837,
    0.30943397525697947,
    0.3093689829111099,
    0.3135389541275799,
    0.3230529697611928,
    0.3123362963087857,
    0.3109724326059222,
    0.30954177444800735,
    0.3006284446455538,
    0.3143476783297956,
    0.3152821734547615,
    0.321063871961087,
    0.3212613337673247,
    0.30324369203299284,
    0.3193593411706388,
    0.32094874093309045,
    0.3159650582820177,
    0.30699853133410215,
    0.3093401687219739,
    0.3133338666521013,
    0.3116369587369263,
    0.30573343904688954,
    0.31346932519227266,
    0.3190236398950219,
    0.32190757105126977,
    0.3236125302501023,
    0.3149535162374377,
    0.3185026431456208,
    0.3153979843482375,
    0.3209078605286777,
    0.31556170899420977,
    0.3138880874030292,
    0.3194178747944534,
    0.314715851098299,
    0.3212519520893693,
    0.3220526687800884,
    0.3200637227855623
  ],
  "test_iou": [
    0.14277921617031097,
    0.14277921617031097,
    0.14277921617031097,
    0.14277921617031097,
    0.14277921617031097,
    0.14277949184179306,
    0.14277921617031097,
    0.14391396194696426,
    0.14277935773134232,
    0.1446860283613205,
    0.15227855741977692,
    0.14277949184179306,
    0.21491360664367676,
    0.20542199909687042,
    0.2351810708642006,
    0.1982831284403801,
    0.1958984211087227,
    0.21198184043169022,
    0.23275911808013916,
    0.22567355632781982,
    0.2308112233877182,
    0.2421708181500435,
    0.20903827995061874,
    0.24552544951438904,
    0.24824635684490204,
    0.23956888914108276,
    0.23606185615062714,
    0.23851846158504486,
    0.25111544877290726,
    0.23498012125492096,
    0.2412625104188919,
    0.2557363137602806,
    0.24642565101385117,
    0.2357598915696144,
    0.2677483707666397,
    0.2494996264576912,
    0.23028967529535294,
    0.2615852952003479,
    0.2575537860393524,
    0.25335053354501724,
    0.2656489163637161,
    0.2577394098043442,
    0.26150520145893097,
    0.26501671969890594,
    0.2652987167239189,
    0.25912823528051376,
    0.2648071199655533,
    0.24736320972442627,
    0.28220871090888977,
    0.23753844946622849,
    0.2984112650156021,
    0.2631116658449173,
    0.26921986043453217,
    0.26858873665332794,
    0.2517764940857887,
    0.2529037594795227,
    0.27269135415554047,
    0.2418665885925293,
    0.27469444274902344,
    0.26700735092163086,
    0.2726173549890518,
    0.2559504732489586,
    0.2758229523897171,
    0.2749989926815033,
    0.27922584116458893,
    0.3039117604494095,
    0.27664928138256073,
    0.32451029121875763,
    0.2612058222293854,
    0.2535286992788315,
    0.2518847733736038,
    0.2386302947998047,
    0.30155231058597565,
    0.2494848221540451,
    0.26322535425424576,
    0.31693926453590393,
    0.2629859298467636,
    0.2819308340549469,
    0.2697300687432289,
    0.27566029131412506,
    0.2777576595544815,
    0.2798393964767456,
    0.275118887424469,
    0.267897829413414,
    0.26954831182956696,
    0.2699880003929138,
    0.29382896423339844,
    0.2886614054441452,
    0.27665047347545624,
    0.31059566140174866,
    0.30659621953964233,
    0.32209232449531555,
    0.31622064113616943,
    0.25731195509433746,
    0.29464109241962433,
    0.32354675233364105,
    0.2764986902475357,
    0.2983395606279373,
    0.30682021379470825,
    0.3100367337465286
  ],
  "train_iou": [
    0.14160371775904748,
    0.17408161977790806,
    0.1826797781945908,
    0.18397160849138483,
    0.18845991693335037,
    0.196756877107163,
    0.21002791607624863,
    0.21906744760193236,
    0.22469735247631595,
    0.22527982524200663,
    0.23071828591701102,
    0.23093493920687128,
    0.23168124079908411,
    0.2398755106411568,
    0.24390744627134442,
    0.2519749675507415,
    0.254537129340923,
    0.25674661177478425,
    0.2604585970203354,
    0.26532661276933267,
    0.2624176320147841,
    0.2714460121136006,
    0.26865664017322943,
    0.2754485316268385,
    0.2756372425347975,
    0.27369305220981166,
    0.27772935510498203,
    0.27681131359853156,
    0.2752275087245523,
    0.28210561268337786,
    0.28198316177889093,
    0.2856721679029399,
    0.28362282988143295,
    0.2852382670628698,
    0.2851065297751394,
    0.28908486485685386,
    0.28928798120724014,
    0.2916711395325726,
    0.2921760130214365,
    0.29440821676629864,
    0.2954643698383684,
    0.29650492205807605,
    0.28993038149320915,
    0.29557225409231774,
    0.30047340660470806,
    0.3029709783931301,
    0.30155217499561504,
    0.30063261882695436,
    0.3050791139472021,
    0.30888191375830404,
    0.3028961102644058,
    0.3062265163721287,
    0.3069068667006819,
    0.30867087463401766,
    0.30908861394002013,
    0.30998699433387145,
    0.31183817936745406,
    0.3145312049923694,
    0.3124516964060803,
    0.31368782810152396,
    0.31998180159150735,
    0.3211493440584777,
    0.31305045333423026,
    0.32089691619350486,
    0.31828314938569724,
    0.32021481502954274,
    0.3228621918657055,
    0.3216325150266902,
    0.3275270434479191,
    0.3274202033469122,
    0.33008169046003527,
    0.33137998520715595,
    0.3268865002446795,
    0.32996336477872446,
    0.33173274422345095,
    0.3379567826855673,
    0.33580875044612035,
    0.3362710671371793,
    0.33817947987620145,
    0.3329280249468268,
    0.3370656426230522,
    0.34656952091888205,
    0.33886735059627116,
    0.34166573294221536,
    0.34608093919615224,
    0.34548598038007133,
    0.34323477352114573,
    0.3499935462764681,
    0.34380161052901453,
    0.3499350946345558,
    0.3512936101282296,
    0.3551708650201151,
    0.34712179438912705,
    0.3452496435748388,
    0.354268240857206,
    0.3563932325333765,
    0.3542072975574291,
    0.35143174710747316,
    0.3574671261522868,
    0.35995880519486456
  ]
}