{"val_iou": [0.1990921231918037, 0.2011246127076447, 0.20320036122575402, 0.20280633633956313, 0.2497793035581708, 0.2422550148330629, 0.260087632574141, 0.25656201550737023, 0.25842258986085653, 0.26877451688051224, 0.25893222028389573, 0.2761248107999563, 0.2840925808995962, 0.2825338034890592, 0.2873330907896161, 0.2838893234729767, 0.2843527952209115, 0.28694038558751345, 0.28368422109633684, 0.28750332817435265, 0.2756204856559634, 0.27790132351219654, 0.27871600119397044, 0.2827208102680743, 0.29291588766500354, 0.2962860781699419, 0.28680543368682265, 0.27647135872393847, 0.3009989866986871, 0.29510269593447447, 0.2813921649940312, 0.2913603507913649, 0.2916417554952204, 0.28730059368535876, 0.2950687767006457, 0.3017495474778116, 0.29923116927966475, 0.28828648291528225, 0.2988283662125468, 0.29869174398481846, 0.30203884560614824, 0.293943646363914, 0.30561324767768383, 0.30162960896268487, 0.2967977491207421, 0.303638219833374, 0.2910269685089588, 0.29441929794847965, 0.3038148176856339, 0.2888746540993452, 0.3056728239171207, 0.303921100217849, 0.30012515280395746, 0.30423472030088305, 0.2918084990233183, 0.2951127300038934, 0.3026515026576817, 0.30662078503519297, 0.3044996242970228, 0.29711341951042414, 0.304246973246336, 0.3073994964361191, 0.31015121610835195, 0.3056949283927679, 0.306960835121572, 0.30658495891839266, 0.3040079390630126, 0.3142387345433235, 0.3045214507728815, 0.31102169770747423, 0.3100252961739898, 0.29626471595838666, 0.3152413363568485, 0.3043951033614576, 0.32088112784549594, 0.312255481723696, 0.3066387688741088, 0.3053735373541713, 0.32065854454413056, 0.3041489361785352, 0.30559944128617644, 0.3103317036293447, 0.3144156555645168, 0.31531461840495467, 0.306642756331712, 0.3132545198313892, 0.3189430581405759, 0.3111363211646676, 0.3145390870049596, 0.31541443383321166, 0.30347346421331167, 0.3149980567395687, 0.31357879657298326, 0.3112884657457471, 0.3151402366347611, 0.311717695556581, 0.3133997954428196, 0.3120183302089572, 0.3123743562027812, 0.3160224696621299], "test_iou": [0.1421091929078102, 0.1421091929078102, 0.1421091929078102, 0.1421091929078102, 0.15433887392282486, 0.14323929697275162, 0.1496046781539917, 0.14845842868089676, 0.15438500046730042, 0.1658637821674347, 0.15309236198663712, 0.2057427316904068, 0.24557660520076752, 0.2461896538734436, 0.23924042284488678, 0.24721352756023407, 0.2499643936753273, 0.25055505335330963, 0.25057193636894226, 0.25359300523996353, 0.2319483682513237, 0.25139275193214417, 0.2241515964269638, 0.23622925579547882, 0.25682780146598816, 0.25419818609952927, 0.23754221200942993, 0.2559630498290062, 0.25983987748622894, 0.2587483301758766, 0.24001087993383408, 0.2504470869898796, 0.25857487320899963, 0.23303836584091187, 0.25386327505111694, 0.2689778208732605, 0.2600288689136505, 0.25295259803533554, 0.2510235905647278, 0.2602911740541458, 0.2637033835053444, 0.24717993289232254, 0.2630283012986183, 0.2657718285918236, 0.2590566426515579, 0.2707512080669403, 0.2458093836903572, 0.23815184086561203, 0.2630980983376503, 0.23932988941669464, 0.2700968533754349, 0.2578343078494072, 0.2585727125406265, 0.2747991383075714, 0.24457302689552307, 0.23206746578216553, 0.2792161554098129, 0.25996866822242737, 0.26787180453538895, 0.2766629010438919, 0.2694973349571228, 0.2691260650753975, 0.26381679624319077, 0.26160286366939545, 0.2697724848985672, 0.25721437484025955, 0.26649438589811325, 0.28080788254737854, 0.2543202415108681, 0.27290669083595276, 0.26692594587802887, 0.2422075867652893, 0.2655714452266693, 0.271753266453743, 0.2807563245296478, 0.25892192125320435, 0.2816102057695389, 0.24315490573644638, 0.2738230302929878, 0.25945836305618286, 0.2565147876739502, 0.27414338290691376, 0.2697075307369232, 0.2808448225259781, 0.2652485519647598, 0.2837166339159012, 0.29400211572647095, 0.27096983790397644, 0.2742532789707184, 0.27631284296512604, 0.23516955226659775, 0.29588693380355835, 0.25581105798482895, 0.2703385502099991, 0.2709716930985451, 0.2708023935556412, 0.28300608694553375, 0.278127558529377, 0.2748796194791794, 0.2491479068994522], "train_iou": [0.17218387560689286, 0.1797919611714474, 0.18379582740264397, 0.18533800965914987, 0.2014529431264286, 0.21399621805814031, 0.21965324291831825, 0.22135588853326563, 0.22637150520841554, 0.22902786920536056, 0.23086704757727988, 0.23793046365249648, 0.2489572003585835, 0.25934066756130897, 0.25881590459444753, 0.2654179205020813, 0.26577583833100044, 0.26645739157110043, 0.2691437883226022, 0.2715506070893105, 0.27223395219404406, 0.27855047297804325, 0.27717851939266674, 0.28013075566659235, 0.28137573569196545, 0.28187905359145715, 0.2831203677780824, 0.2848977587912997, 0.2825389885637042, 0.2881357293729096, 0.2907638585526649, 0.29386073029408716, 0.28816117070717356, 0.28789131976153753, 0.29029357014861823, 0.2932982892818647, 0.29760835610636294, 0.29212536167812675, 0.29697727519151285, 0.2987767742206789, 0.2984106616716679, 0.30104767051461623, 0.2937278780728987, 0.2975711743411136, 0.30053055847752586, 0.30357909825158447, 0.3030128331523236, 0.3030492106631194, 0.30647119410233953, 0.3081217279070861, 0.3000645420628868, 0.308927447012026, 0.30644189607198924, 0.30937234531730823, 0.30756235296187334, 0.311232443184477, 0.30879361478433215, 0.3143862196027416, 0.311629754682518, 0.31400894144014135, 0.3191618924475696, 0.320964959539371, 0.31893812865018845, 0.32146387465604365, 0.31854246388355345, 0.31770757524526283, 0.32343533109516315, 0.32361063703078113, 0.32775942108606637, 0.3276987557541834, 0.33136110523179785, 0.3277729553719089, 0.32644004854437425, 0.32743721337963455, 0.33276290318941415, 0.3370261813883912, 0.3363326091370354, 0.34130459278821945, 0.33864249855484047, 0.3384953030474382, 0.3415882015881473, 0.34697227251448043, 0.33936485765527374, 0.3449598241546383, 0.3468820999746453, 0.35062816361450166, 0.3456184375673941, 0.3509777093382731, 0.34661843750166565, 0.3494463322097308, 0.3538382355991292, 0.3572813967013196, 0.3523893305291868, 0.34667600476986743, 0.35553927097010285, 0.3619603592239014, 0.3631666736447648, 0.3535896611132034, 0.3614660475454102, 0.3624401389021579]}