{"val_iou": [0.19044193252921104, 0.19816601043567061, 0.19874734850600362, 0.20295680919662118, 0.2150312433950603, 0.24318015249446034, 0.25647587049752474, 0.26183343259617686, 0.2598459357395768, 0.26605915650725365, 0.27027884032577276, 0.23011769633740187, 0.2823321665637195, 0.2777684354223311, 0.2853273809887469, 0.2821054304949939, 0.27933057956397533, 0.2848677197471261, 0.28467842005193233, 0.2852896726690233, 0.2818386140279472, 0.28364761127159, 0.2862450941465795, 0.2893118695355952, 0.2897889260202646, 0.29241795325651765, 0.29170952877029777, 0.2901214142329991, 0.29758419236168265, 0.2901481525041163, 0.28546409076079726, 0.3030907744541764, 0.2950344840064645, 0.2937289788387716, 0.30075581930577755, 0.3007069695740938, 0.2929161209613085, 0.3013125155121088, 0.3053901311941445, 0.3084271498955786, 0.31433054991066456, 0.3043836606666446, 0.30823942413553596, 0.3145043086260557, 0.30186863522976637, 0.31296855956315994, 0.3089769510552287, 0.30825977912172675, 0.31571732135489583, 0.30547842383384705, 0.32621067948639393, 0.3126783878542483, 0.31883263727650046, 0.3073296621441841, 0.30187732726335526, 0.3071245481260121, 0.31435516756027937, 0.3195689278654754, 0.32448626309633255, 0.30351011408492923, 0.32737782411277294, 0.3125157090835273, 0.3144764951430261, 0.31464978586882353, 0.30713467532768846, 0.31557787442579865, 0.3158927126787603, 0.3291379287838936, 0.3206032970920205, 0.3138531860895455, 0.32220410741865635, 0.30204266821965575, 0.32226815121248364, 0.3171350243501365, 0.3143642134964466, 0.3211721098050475, 0.30518834944814444, 0.32700590090826154, 0.3256494179368019, 0.31779908621683717, 0.3034287500195205, 0.30250796815380454, 0.32033424312248826, 0.3202908388338983, 0.3104957202449441, 0.31828976050019264, 0.3178438697941601, 0.3115099873393774, 0.3124277298338711, 0.31961218593642116, 0.31637938041239977, 0.32026670034974813, 0.3250700756907463, 0.3217325331643224, 0.3156217569485307, 0.31894067442044616, 0.3190636378712952, 0.3211711240001023], "test_iou": [0.14277921617031097, 0.14277921617031097, 0.14277921617031097, 0.14277921617031097, 0.14277921617031097, 0.1427799016237259, 0.14748037606477737, 0.16360896825790405, 0.14992494136095047, 0.16001103818416595, 0.18733756244182587, 0.15218888223171234, 0.22880035638809204, 0.23221305757761002, 0.23474618792533875, 0.2134466916322708, 0.2252281904220581, 0.24315208941698074, 0.23693207651376724, 0.21308276802301407, 0.22813695669174194, 0.24477317929267883, 0.23416416347026825, 0.2408590167760849, 0.23907577246427536, 0.2338358610868454, 0.2530798763036728, 0.2469479888677597, 0.23801763355731964, 0.24469693005084991, 0.23529043793678284, 0.2497280091047287, 0.23293720930814743, 0.23278381675481796, 0.2564292326569557, 0.2607531249523163, 0.238483265042305, 0.24556905776262283, 0.26811419427394867, 0.25089236348867416, 0.29364050924777985, 0.2612665966153145, 0.2618092745542526, 0.2702496498823166, 0.2758510559797287, 0.2952732741832733, 0.25223132967948914, 0.2888602763414383, 0.27270572632551193, 0.25235187262296677, 0.30994944274425507, 0.2550402358174324, 0.2674640417098999, 0.28465426713228226, 0.23891937732696533, 0.2534409686923027, 0.26945365965366364, 0.2622659280896187, 0.2973226308822632, 0.2770819365978241, 0.2903144806623459, 0.2741449922323227, 0.2841624617576599, 0.26412469893693924, 0.25964319705963135, 0.2781313508749008, 0.26922208070755005, 0.3260035365819931, 0.26390719413757324, 0.2548121362924576, 0.31790776550769806, 0.2387990951538086, 0.28272902965545654, 0.2620686888694763, 0.257056787610054, 0.2688114047050476, 0.27774161100387573, 0.30714961886405945, 0.2674609571695328, 0.2572753354907036, 0.2670906335115433, 0.23706479370594025, 0.26881055533885956, 0.2689460664987564, 0.2659183144569397, 0.2669694423675537, 0.27020998299121857, 0.2664380371570587, 0.26659727096557617, 0.2992136627435684, 0.27691609412431717, 0.27457429468631744, 0.274890661239624, 0.2762082368135452, 0.26706941425800323, 0.2727583646774292, 0.28444257378578186, 0.28087346255779266], "train_iou": [0.14899361654095453, 0.17776740934342555, 0.1818999781796377, 0.18498478324650086, 0.19712022018350966, 0.21058690660212137, 0.2179530177724688, 0.22207541171818562, 0.22793482269530427, 0.23135269351609766, 0.23971807645404175, 0.2442760606334634, 0.2447708086812333, 0.2511456869542599, 0.25585728725546025, 0.2611787894817248, 0.25954110297846467, 0.26345456595698447, 0.26343642517107807, 0.26775105879323124, 0.26810424570759683, 0.2745594370038542, 0.2739387304611402, 0.27825147301366887, 0.2770080123453924, 0.27869057614509374, 0.28199880003725014, 0.28087648453369535, 0.2765157398295729, 0.2856753631303572, 0.2867763479788826, 0.2926363894486264, 0.2864332894143993, 0.2896028816802044, 0.2899540803101781, 0.2964397164138213, 0.2967545358999951, 0.2910984862238577, 0.29856159451277287, 0.300854922106413, 0.29838282283242434, 0.3039354309439659, 0.2988516570464389, 0.2999953893459823, 0.30479794332425886, 0.30676667366738186, 0.30735487547026924, 0.30359318745258734, 0.3069797438403515, 0.31122487431315526, 0.30762796343801774, 0.31290836948646256, 0.3123703462212053, 0.3124991481332746, 0.3124530376126505, 0.3116090916199227, 0.3154341608592092, 0.3078494750167409, 0.3177513852715492, 0.31804783035018674, 0.3198259382521453, 0.32386982757343, 0.31687565801078327, 0.32186954090856523, 0.3188493528390584, 0.32015876594471604, 0.32234247324809634, 0.3250549110035374, 0.3273449543710441, 0.3269898326531665, 0.325197069357111, 0.33033025560721957, 0.32585071435529894, 0.3245679661631584, 0.33326905858639166, 0.33811122663829424, 0.33344995204920636, 0.3344645989063668, 0.3378580427945477, 0.33248372166736484, 0.3377080948589599, 0.3440120105363735, 0.33798801434570797, 0.33841537138166494, 0.34408735203212254, 0.34172959319532736, 0.34332161299782255, 0.3473761030153869, 0.3430655907890568, 0.34248743833948486, 0.3488902079120074, 0.3517581168817331, 0.34578096693100996, 0.3461608965307066, 0.34918528213484645, 0.3537850862700645, 0.35375332082175226, 0.35038074595879204]}