{"val_iou": [0.2011172855272889, 0.20176320802420378, 0.20399887626990676, 0.2032569427974522, 0.24562246352434158, 0.2427639295347035, 0.2585091688670218, 0.25563226640224457, 0.2627094853669405, 0.2620624150149524, 0.2624452989548445, 0.26190172508358955, 0.271017181687057, 0.2734038750641048, 0.28219076432287693, 0.2804740616120398, 0.28666880959644914, 0.2850117408670485, 0.28868161467835307, 0.28553078696131706, 0.27318085450679064, 0.2712805257178843, 0.27806709287688136, 0.28845469979569316, 0.2923398884013295, 0.29506382578983903, 0.28858831617981195, 0.27448193076997995, 0.29511057725176215, 0.2913157157599926, 0.2945037120953202, 0.28445269353687763, 0.2928246692754328, 0.2888503158465028, 0.29065284598618746, 0.29819083446636796, 0.29154390236362815, 0.29610264115035534, 0.3020328157581389, 0.2918138005770743, 0.30272294394671917, 0.2940205135382712, 0.30380023922771215, 0.30306794261559844, 0.29137605568394065, 0.30500342370942235, 0.2985915835015476, 0.2950641023926437, 0.3041398390196264, 0.2909170500934124, 0.3030783860012889, 0.30544820288196206, 0.2996079786680639, 0.3074821741320193, 0.2952787848189473, 0.2924680020660162, 0.3099487409926951, 0.30641885194927454, 0.31039811531081796, 0.30108019849285483, 0.30500979674980044, 0.3010948742739856, 0.3086773119866848, 0.30113377748057246, 0.30379308154806495, 0.30454875715076923, 0.2977540912106633, 0.31623219326138496, 0.30171487107872963, 0.30325617641210556, 0.30805044481530786, 0.3030837560072541, 0.31140796514227986, 0.313552004750818, 0.30857511004433036, 0.3113031517714262, 0.30222260765731335, 0.3067544987425208, 0.3100542319007218, 0.30441919388249516, 0.30324593000113964, 0.31276800530031323, 0.312689749058336, 0.31227561878040433, 0.31081025674939156, 0.3079839968122542, 0.3177774455398321, 0.3173002600669861, 0.3152505266480148, 0.3195050242356956, 0.3075044401921332, 0.3152266670949757, 0.3094420707784593, 0.3112842570990324, 0.315408892929554, 0.3122776448726654, 0.3139068172313273, 0.3117294581606984, 0.3103891992941499, 0.3164475583471358], "test_iou": [0.1421091929078102, 0.1421091929078102, 0.1421091929078102, 0.1421091929078102, 0.14526566863059998, 0.14277124404907227, 0.14546673744916916, 0.14804209023714066, 0.15182746946811676, 0.15266933292150497, 0.14793816208839417, 0.14250004291534424, 0.16200926899909973, 0.20882044732570648, 0.22180549055337906, 0.2328755408525467, 0.24582815170288086, 0.2448796108365059, 0.25023970752954483, 0.24545615166425705, 0.22540246695280075, 0.236405648291111, 0.226588174700737, 0.24748949706554413, 0.2544962838292122, 0.254578098654747, 0.24018661677837372, 0.2540075331926346, 0.26008154451847076, 0.25299862027168274, 0.2648245245218277, 0.25734592974185944, 0.253902330994606, 0.2334982305765152, 0.25561369955539703, 0.26148295402526855, 0.24939114600419998, 0.26217838376760483, 0.253997802734375, 0.2594582885503769, 0.26562008261680603, 0.25323157757520676, 0.26150865107774734, 0.2613727003335953, 0.26046451926231384, 0.24516430497169495, 0.2518334910273552, 0.2475758045911789, 0.2550012543797493, 0.24095432460308075, 0.26689373701810837, 0.2604156360030174, 0.25994325429201126, 0.27536818385124207, 0.23574063181877136, 0.2584245130419731, 0.2677318826317787, 0.25916529446840286, 0.2758237421512604, 0.26857803016901016, 0.2674691677093506, 0.27084293961524963, 0.2690020427107811, 0.2598783001303673, 0.2682098150253296, 0.267593152821064, 0.2584396228194237, 0.2781987339258194, 0.25745558738708496, 0.24618364870548248, 0.28402166813611984, 0.238875150680542, 0.2707923501729965, 0.27402210235595703, 0.275182843208313, 0.27110423892736435, 0.27435746788978577, 0.2638675644993782, 0.2655567228794098, 0.27171487361192703, 0.23825541883707047, 0.2579328268766403, 0.26465627551078796, 0.27678030729293823, 0.277956560254097, 0.27432024478912354, 0.28333957493305206, 0.27824676781892776, 0.2709066569805145, 0.2700795382261276, 0.25826068967580795, 0.2866460904479027, 0.27226029336452484, 0.2731284201145172, 0.2706383690237999, 0.2923584282398224, 0.27458448708057404, 0.27798546105623245, 0.27912183105945587, 0.29076237976551056], "train_iou": [0.173169310753272, 0.18000791839336697, 0.18534856687669884, 0.18630418622840758, 0.20218995642172147, 0.2119196721492973, 0.21580205898578853, 0.21695715204289515, 0.22295804229909427, 0.22622078432612222, 0.22815860619079575, 0.23067480805393767, 0.22881140957956445, 0.24000909863269493, 0.25160148535689264, 0.25645363335944205, 0.2599142131535974, 0.261890835090451, 0.26423502835917145, 0.26640922060772165, 0.27007089764492154, 0.27445983657077566, 0.2760385625472624, 0.2771273225239695, 0.27885157068910665, 0.2799379390804735, 0.28031968529502005, 0.2821190102561696, 0.278172615252129, 0.2861598144247107, 0.2893249820662688, 0.2932211201995203, 0.2858305704614071, 0.286465745572358, 0.2872736765811705, 0.29067786665607803, 0.29542854443600736, 0.28953620255605816, 0.2948566274079558, 0.29532720500679865, 0.29573423711404406, 0.2983234097083954, 0.2909495585585294, 0.2955426622743476, 0.29904208526219406, 0.3007915189923489, 0.30233353978558763, 0.3009151972013794, 0.30414869049436427, 0.30950565018678367, 0.3005488167376551, 0.3087665706566752, 0.306604941260733, 0.3068921466498342, 0.30764824631687715, 0.31035020253429674, 0.30895459524368585, 0.3127520567137901, 0.31125785869686573, 0.31357546410944365, 0.32039182260632515, 0.321060721137344, 0.31600089085428684, 0.3215505346043469, 0.31998736237826414, 0.31979936162290507, 0.3241650351412492, 0.32570505412678197, 0.3286031748946399, 0.33055380002072415, 0.3339495876778478, 0.3310168493692189, 0.32805415482757844, 0.3273368948840932, 0.3350278318744816, 0.3398776452937355, 0.33721762701664887, 0.3432233620383968, 0.3347835801541805, 0.3380617809622255, 0.3440459282328821, 0.34763519767008416, 0.3445244424351274, 0.3466946613809017, 0.35087737134874686, 0.35081592880903856, 0.34507951640511214, 0.3528920622823173, 0.34787327326732137, 0.3530482113973735, 0.3555508316685892, 0.35830857655773424, 0.35015559119925105, 0.3505629616955372, 0.35645196893035547, 0.36560034042555994, 0.36672524383215055, 0.3571599742831433, 0.3655301115590416, 0.36371007556580515]}