{"val_iou": [0.19172821240499616, 0.1968932691961527, 0.19858950469642878, 0.2023710203357041, 0.21003179205581546, 0.24245556211099029, 0.2496179211884737, 0.2590040829963982, 0.2522395900450647, 0.25702025135979056, 0.2675913474522531, 0.24553020671010017, 0.268735914491117, 0.26889006001874804, 0.28079543309286237, 0.2776858531869948, 0.2748726140707731, 0.2679770225659013, 0.2877735598012805, 0.2825893103145063, 0.2829804988577962, 0.2804322009906173, 0.2853655768558383, 0.28944193525239825, 0.2923637265339494, 0.2890697102993727, 0.29446957167237997, 0.2901322334073484, 0.29712502006441355, 0.2971983910538256, 0.29224703973159194, 0.3001526785083115, 0.2920585381798446, 0.2933750031515956, 0.2957208175212145, 0.29993343679234385, 0.2938416386023164, 0.2989210016094148, 0.305915760807693, 0.3064820161089301, 0.303569876588881, 0.3028034772723913, 0.3017737381160259, 0.305613249540329, 0.2948318566195667, 0.30735904024913907, 0.31123115960508585, 0.3008963498286903, 0.3131674132309854, 0.2992906575091183, 0.3077542991377413, 0.30640154890716076, 0.31161499209702015, 0.3059790735132992, 0.3037254801020026, 0.31002324260771275, 0.3089066385291517, 0.30956471944227815, 0.3107200553640723, 0.30833500949665904, 0.31374706281349063, 0.30785884940996766, 0.31047589192166924, 0.3132385923527181, 0.3108314173296094, 0.31245916383340955, 0.31376945646479726, 0.32507028011605144, 0.312286913394928, 0.312441891990602, 0.31789243407547474, 0.3027121857739985, 0.31330634700134397, 0.3180623659864068, 0.31885525630787015, 0.3225479177199304, 0.30403263634070754, 0.3164483509026468, 0.32200337341055274, 0.3161257370375097, 0.3045912692323327, 0.3076077685691416, 0.31932845059782267, 0.3185526509769261, 0.3120453208684921, 0.31913034711033106, 0.32567803794518113, 0.318210834171623, 0.3256763955578208, 0.3243344621732831, 0.3142032600007951, 0.3165810448117554, 0.31967515917494893, 0.3197770747356117, 0.3207625700160861, 0.3257509171962738, 0.31624147249385715, 0.32398130279034376, 0.32478948682546616, 0.32036868017166853], "test_iou": [0.14277921617031097, 0.14277921617031097, 0.14277921617031097, 0.14277921617031097, 0.14277921617031097, 0.14374597370624542, 0.14278072118759155, 0.15036573261022568, 0.1457582637667656, 0.1465921476483345, 0.15562520921230316, 0.14629345387220383, 0.1650087907910347, 0.16785378009080887, 0.21606722474098206, 0.19480792433023453, 0.206587515771389, 0.1535748988389969, 0.22803355753421783, 0.2311643287539482, 0.23012804239988327, 0.23003295809030533, 0.2089529111981392, 0.2391686514019966, 0.24600201100111008, 0.2244984433054924, 0.24624036252498627, 0.24635069072246552, 0.25176040828227997, 0.25252826511859894, 0.24885696917772293, 0.26187748461961746, 0.2512112259864807, 0.2397187575697899, 0.2573145776987076, 0.25656691938638687, 0.24109628796577454, 0.2567102611064911, 0.2632500231266022, 0.26816053688526154, 0.25730153918266296, 0.2702140137553215, 0.2551903799176216, 0.2613600790500641, 0.26641880720853806, 0.26707786321640015, 0.273229718208313, 0.25708863139152527, 0.2667519226670265, 0.21687179803848267, 0.27065542340278625, 0.26936349272727966, 0.2861243188381195, 0.2746438682079315, 0.2520929425954819, 0.2760394662618637, 0.2756206840276718, 0.26112789660692215, 0.2858600616455078, 0.27572041749954224, 0.26090099662542343, 0.26767598092556, 0.2763402760028839, 0.2708800584077835, 0.2716299444437027, 0.2737739831209183, 0.28567415475845337, 0.2912006676197052, 0.26591816544532776, 0.27421312034130096, 0.27147015929222107, 0.2399768903851509, 0.2761940062046051, 0.28169015049934387, 0.2782118022441864, 0.3094302713871002, 0.2749834954738617, 0.2705050855875015, 0.27589288353919983, 0.2745324671268463, 0.24643174558877945, 0.2503741979598999, 0.27708160877227783, 0.27075862884521484, 0.2637200504541397, 0.27091729640960693, 0.3120414912700653, 0.2667032927274704, 0.3065953850746155, 0.30223099887371063, 0.30973152816295624, 0.28130652010440826, 0.3011927157640457, 0.29471805691719055, 0.2906620055437088, 0.2908184826374054, 0.26666268706321716, 0.31876786053180695, 0.2990926504135132, 0.2953883707523346], "train_iou": [0.14576803714241068, 0.17746681240323472, 0.18177283565475516, 0.18430591048034903, 0.1922692957602135, 0.20407388787971784, 0.2140113448035227, 0.21796294123138468, 0.22593886941058994, 0.22832768119565428, 0.2325880149353857, 0.235265229968992, 0.2321984558685185, 0.23698865489600457, 0.24205120280385017, 0.2490944254582059, 0.25261121916852586, 0.25527855177244096, 0.2590141349969661, 0.2614700694198478, 0.2633800063639471, 0.27029950508516126, 0.27046310059624173, 0.27473860131959393, 0.27598221972584724, 0.27599995914999753, 0.27972692781931735, 0.2759246554174652, 0.2779212555758757, 0.281176109683432, 0.2855665620977748, 0.2853987059772831, 0.28561931312696576, 0.28878395795209766, 0.28905775326572053, 0.2899613775414963, 0.2957305629571823, 0.2908557169139385, 0.2942483203664218, 0.29911427546853886, 0.29695598888274743, 0.29947385753262534, 0.29694390337761134, 0.2962146479483337, 0.3015636325086633, 0.3010006320394882, 0.30236617705389246, 0.3007286168532829, 0.3030238811385958, 0.3072941828366012, 0.2999287821250419, 0.3058388927721814, 0.3088699646600305, 0.30717549360778235, 0.30758871296293117, 0.3102573098691359, 0.31031500134770185, 0.3091909387340284, 0.3094911796793546, 0.31403872477885797, 0.31834907043878347, 0.3193469526220674, 0.31645789977214106, 0.3201172083922445, 0.3194380848068897, 0.3205033787717558, 0.3213520965041363, 0.32416524197140784, 0.326542199270366, 0.32966860822618826, 0.3294190747076518, 0.3316853537339054, 0.3253609563593995, 0.33041274016850614, 0.33694569547086545, 0.3380753271383782, 0.33780964009769976, 0.3411409001644344, 0.3395531320408599, 0.3350395566388352, 0.3424752407184202, 0.34441355401522494, 0.3466239120964318, 0.34580354525210105, 0.347065798887243, 0.3458194512720794, 0.34738149963421366, 0.3509980656512796, 0.3465415196978066, 0.3503980777443272, 0.3535656089039698, 0.35681949525255047, 0.3515517070175034, 0.3489003852009773, 0.3519941542348633, 0.3566599926617864, 0.35974112066299946, 0.35553100985819347, 0.3561516475085526, 0.3639375946599327]}