{
  "val_iou": [
    0.18021452939137816,
    0.19813488377258182,
    0.20032781502231956,
    0.20291013084352016,
    0.20326127391308546,
    0.23677608976140618,
    0.24900992214679718,
    0.2540982230566442,
    0.24787609977647662,
    0.2562392954714596,
    0.2643850180320442,
    0.23589651752263308,
    0.27973289508372545,
    0.27509008301422,
    0.2837614822201431,
    0.2766791661269963,
    0.2820649240165949,
    0.26584675814956427,
    0.2856158819049597,
    0.2869922863319516,
    0.28037074115127325,
    0.2810048428364098,
    0.29445847822353244,
    0.2917990982532501,
    0.29205003241077065,
    0.290518909227103,
    0.28764068288728595,
    0.28674351004883647,
    0.2965166508220136,
    0.2983738034963608,
    0.28661503037437797,
    0.29729152750223875,
    0.29508192045614123,
    0.2888152776286006,
    0.2888428922742605,
    0.29984135180711746,
    0.2923478097654879,
    0.29323260160163045,
    0.30423162691295147,
    0.30475586047396064,
    0.3004244123585522,
    0.2957093049772084,
    0.30419962713494897,
    0.3055247450247407,
    0.3026720196940005,
    0.3059362191706896,
    0.30503073520958424,
    0.2948728925548494,
    0.3107397914864123,
    0.30432334588840604,
    0.3047419572249055,
    0.30625060107558966,
    0.30936238216236234,
    0.30927887186408043,
    0.21247708797454834,
    0.29512696992605925,
    0.3127035917714238,
    0.3075919756665826,
    0.31380793638527393,
    0.3046964891254902,
    0.3157331687398255,
    0.30966296466067433,
    0.31222335947677493,
    0.3143105027265847,
    0.31167239136993885,
    0.31252322625368834,
    0.31746996752917767,
    0.3256467832252383,
    0.3127871863543987,
    0.3092444194480777,
    0.3114163209684193,
    0.3079323526471853,
    0.3172134179621935,
    0.32048444217070937,
    0.31663326919078827,
    0.32418034691363573,
    0.3057969124056399,
    0.319411204662174,
    0.3140213224105537,
    0.3168153800070286,
    0.3097634078003466,
    0.31520840618759394,
    0.32157283648848534,
    0.31654916843399405,
    0.2999639930203557,
    0.3211775398813188,
    0.31558791548013687,
    0.31358898524194956,
    0.3212327235378325,
    0.319093756377697,
    0.31252989638596773,
    0.3224366893991828,
    0.31286119716241956,
    0.31531257182359695,
    0.31506975600495934,
    0.3256337638013065,
    0.30857187835499644,
    0.32054116018116474,
    0.32057151244953275,
    0.32138726441189647
  ],
  "test_iou": [
    0.14277921617031097,
    0.14277921617031097,
    0.14277921617031097,
    0.14277921617031097,
    0.14277921617031097,
    0.1427796259522438,
    0.14278016984462738,
    0.1436433494091034,
    0.14278044551610947,
    0.1462252363562584,
    0.14603019505739212,
    0.14277921617031097,
    0.21805669367313385,
    0.2408517524600029,
    0.22029908001422882,
    0.19870053976774216,
    0.2376737967133522,
    0.17128441482782364,
    0.23650716245174408,
    0.23123498260974884,
    0.23834917694330215,
    0.2150760069489479,
    0.23537594825029373,
    0.25200455635786057,
    0.2413392886519432,
    0.24073828756809235,
    0.2315467745065689,
    0.2311568707227707,
    0.2518419846892357,
    0.24592501670122147,
    0.22198158502578735,
    0.25402694940567017,
    0.25115515291690826,
    0.2220139428973198,
    0.23935233056545258,
    0.24093159288167953,
    0.2313137948513031,
    0.24007122963666916,
    0.263168528676033,
    0.25555453449487686,
    0.25961964577436447,
    0.2699202746152878,
    0.24866285920143127,
    0.2671547830104828,
    0.2490040361881256,
    0.24681420624256134,
    0.251575268805027,
    0.24023666232824326,
    0.27130401879549026,
    0.24591799080371857,
    0.26099012792110443,
    0.2568417191505432,
    0.26491159945726395,
    0.2603575438261032,
    0.14872436225414276,
    0.22274412959814072,
    0.2693593204021454,
    0.2558271363377571,
    0.2716294601559639,
    0.26041029393672943,
    0.2782537341117859,
    0.27134107053279877,
    0.2754117250442505,
    0.26888471841812134,
    0.2747352570295334,
    0.2741575837135315,
    0.26841309666633606,
    0.27104558795690536,
    0.2632029950618744,
    0.2637176215648651,
    0.30618253350257874,
    0.2823762595653534,
    0.2842363119125366,
    0.27297310531139374,
    0.2672727704048157,
    0.31495697796344757,
    0.27152523398399353,
    0.29748453199863434,
    0.2578682452440262,
    0.2896048575639725,
    0.27613459527492523,
    0.2684132158756256,
    0.28292202949523926,
    0.3050849288702011,
    0.24644550681114197,
    0.28808338940143585,
    0.30510395765304565,
    0.2767993062734604,
    0.271878257393837,
    0.30038096010684967,
    0.2815193682909012,
    0.3198598027229309,
    0.3028859943151474,
    0.30793359875679016,
    0.28694702684879303,
    0.3095153570175171,
    0.24382231384515762,
    0.31273065507411957,
    0.30518119037151337,
    0.3150562196969986
  ],
  "train_iou": [
    0.14219096456080266,
    0.17641851050804738,
    0.18242069012294077,
    0.18479741471883368,
    0.18971067447572537,
    0.19998968892718014,
    0.21437491762311492,
    0.21906331860243458,
    0.2268015634115428,
    0.2282230643785163,
    0.23095033542342383,
    0.23473827321439572,
    0.2343863904067915,
    0.24579155521645937,
    0.24961764482806806,
    0.25335493035716555,
    0.2556719574311825,
    0.2565844288631661,
    0.259663138130348,
    0.26359418019244113,
    0.26324477725445405,
    0.2713278081421166,
    0.27130556555643476,
    0.27328562904914766,
    0.2755377839689385,
    0.27220443406537786,
    0.277061456431673,
    0.27664631977677345,
    0.2744065517023818,
    0.2830004335368333,
    0.2816828961343798,
    0.28451221426055856,
    0.28266480427286395,
    0.28355553343075596,
    0.28373933062977985,
    0.2868657427495473,
    0.2904365187740489,
    0.28717622211942934,
    0.2903124562477412,
    0.2949170633027815,
    0.2923832871530154,
    0.2953081417777767,
    0.29115464293385207,
    0.2914596248469124,
    0.2970288784230409,
    0.3002411874189769,
    0.2990970515633283,
    0.2961199001396356,
    0.29818506196957745,
    0.3012120387427611,
    0.29983494400161587,
    0.3044431446349784,
    0.30535174421455763,
    0.3049292938452061,
    0.30561508309759505,
    0.30726457576025024,
    0.30954014372131594,
    0.3035206427312877,
    0.30859067433909193,
    0.31174565892513484,
    0.31549101312683053,
    0.31465722242855043,
    0.31481484058376863,
    0.3193457821154431,
    0.3167705448625022,
    0.3185793086886406,
    0.3200693884736871,
    0.32274228717162184,
    0.32506530068508566,
    0.32629865974391975,
    0.32603827751662634,
    0.33163797998265043,
    0.32571972676948324,
    0.32312334354405536,
    0.33586531999992997,
    0.3357816645237681,
    0.3326895355361782,
    0.3417774188293986,
    0.33943547879996366,
    0.3342759145857537,
    0.33931146255911215,
    0.3457263442751479,
    0.33953669340643167,
    0.3436237165372666,
    0.34519018569629484,
    0.34559605148148864,
    0.343689134880288,
    0.35115404779168025,
    0.3470472457168037,
    0.35017115837090634,
    0.3518473766744137,
    0.35550176816648,
    0.3474885077305036,
    0.3503411669437199,
    0.35559681588656283,
    0.35551668948506654,
    0.36354488042527683,
    0.3520728455320613,
    0.3620343183817929,
    0.35805787396145194
  ]
}