{"val_iou": [0.20051485020667315, 0.20179135538637638, 0.2035303134471178, 0.2046488649211824, 0.23756118258461356, 0.2504077176563442, 0.2561688479036093, 0.25908802123740315, 0.26452977443113923, 0.2638214295729995, 0.26221084129065275, 0.2696442543528974, 0.2791799735277891, 0.2761016143485904, 0.29185678623616695, 0.2857924955897033, 0.2852403982542455, 0.28808359801769257, 0.29254360869526863, 0.2868568208068609, 0.2775656031444669, 0.27590951370075345, 0.2824154254049063, 0.2851569391787052, 0.294953606557101, 0.29277139250189066, 0.29199333116412163, 0.2868434297852218, 0.2945191590115428, 0.29270064178854227, 0.2973558628000319, 0.2873134594410658, 0.29240291891619563, 0.2825596770271659, 0.2882326799444854, 0.30309605272486806, 0.2940669283270836, 0.292512577958405, 0.2974968822672963, 0.30065930588170886, 0.30699201207607985, 0.2964173322543502, 0.3062564367428422, 0.3038366697728634, 0.2902723061852157, 0.30071374867111444, 0.3036450841464102, 0.2976904595270753, 0.30992001481354237, 0.2972406009212136, 0.3033904149197042, 0.3103738510981202, 0.29659700160846114, 0.30308738676831126, 0.29970886185765266, 0.2953569213859737, 0.30500578600913286, 0.3051032982766628, 0.31609091302379966, 0.29532535653561354, 0.3083513332530856, 0.305659722071141, 0.3076128545217216, 0.3099174224771559, 0.30155536253005266, 0.3029828662984073, 0.30548824463039637, 0.3134763054549694, 0.3022753889672458, 0.3043289501219988, 0.30650199577212334, 0.29964582063257694, 0.311505822930485, 0.3097073147073388, 0.3130475119687617, 0.31542541505768895, 0.30971502140164375, 0.31506990548223257, 0.3153416137211025, 0.3094252599403262, 0.3079497190192342, 0.3046529986895621, 0.3139915345236659, 0.317258155439049, 0.29537871805951, 0.31828033411875367, 0.30977531522512436, 0.31345317931845784, 0.31513862824067473, 0.3208034709095955, 0.29996315529569983, 0.3113377597182989, 0.3131576841697097, 0.31097132386639714, 0.31321400683373213, 0.31630801409482956, 0.3081887289881706, 0.3086843341588974, 0.31252252822741866, 0.31460324116051197], "test_iou": [0.1421051099896431, 0.1421091929078102, 0.1421091929078102, 0.1421091929078102, 0.14215928316116333, 0.1452307403087616, 0.14686129987239838, 0.15109094232320786, 0.15764305740594864, 0.15546096116304398, 0.14910350739955902, 0.15421787649393082, 0.2348073497414589, 0.19962642341852188, 0.25350989401340485, 0.24001242220401764, 0.24418512731790543, 0.23616516590118408, 0.24880719929933548, 0.24296990036964417, 0.22218745946884155, 0.24495600163936615, 0.22653096914291382, 0.23745101690292358, 0.2544311657547951, 0.2403663843870163, 0.24171823263168335, 0.2486092522740364, 0.2540154457092285, 0.25238680094480515, 0.2578302323818207, 0.2524451017379761, 0.2558199465274811, 0.23304792493581772, 0.236593559384346, 0.25811711698770523, 0.2559453323483467, 0.24750497937202454, 0.2540484890341759, 0.2613869905471802, 0.25526565313339233, 0.25026852637529373, 0.25994598865509033, 0.25889752805233, 0.24824101477861404, 0.26013486087322235, 0.2522108554840088, 0.2395194172859192, 0.2588309124112129, 0.24109704047441483, 0.2600094825029373, 0.2502047047019005, 0.24951644241809845, 0.2594566196203232, 0.25672217458486557, 0.26612478494644165, 0.2662973701953888, 0.23555444926023483, 0.2745504677295685, 0.27517709136009216, 0.24869651347398758, 0.26144876331090927, 0.25348301976919174, 0.2644941806793213, 0.25946100801229477, 0.24425078928470612, 0.256917841732502, 0.2753117233514786, 0.2523330971598625, 0.2607703134417534, 0.2534623444080353, 0.24704015254974365, 0.2738755941390991, 0.270489901304245, 0.27894608676433563, 0.24433381110429764, 0.26532304286956787, 0.247130885720253, 0.24674946069717407, 0.2484717294573784, 0.24864547699689865, 0.2537694573402405, 0.264395147562027, 0.2798936069011688, 0.2549150884151459, 0.266408234834671, 0.2655092626810074, 0.2670121341943741, 0.2741207480430603, 0.28523848950862885, 0.24278590083122253, 0.26498091220855713, 0.2520401105284691, 0.2605879157781601, 0.25764165818691254, 0.2839241325855255, 0.25775544345378876, 0.26447175443172455, 0.25993703305721283, 0.2597665935754776], "train_iou": [0.17258453762082204, 0.17974511110415198, 0.1841280881621658, 0.1867279438939813, 0.20643342806868356, 0.2138472595698621, 0.2190352562968045, 0.22104160727499284, 0.22680350671177857, 0.22821502321182865, 0.23011583023487706, 0.23259857399006412, 0.23661739904790707, 0.25260103994036376, 0.260112177580595, 0.26311505198070445, 0.26555155921880513, 0.26626456161476164, 0.26786164612802743, 0.27087409044169397, 0.27271483506854266, 0.27814217636438265, 0.2778987613034575, 0.28049671986739927, 0.2816233067479852, 0.28178348463692077, 0.2838230930166702, 0.2840982783228567, 0.28040625257034824, 0.28802595813184567, 0.29019213615827366, 0.2942205127073477, 0.28654537880665637, 0.29026341581181303, 0.29035917547059387, 0.2933895481265571, 0.29900690530465074, 0.2927587005271487, 0.2967860779329522, 0.29913691074064336, 0.2984421634919023, 0.3023650767664387, 0.29604945995219767, 0.29867584227699123, 0.3036139348190125, 0.30578215731537506, 0.30451319060505255, 0.3068443273946847, 0.3063736236973168, 0.31056227208408593, 0.3036807254467109, 0.3101078598976952, 0.3103243574908335, 0.31078499540278354, 0.3098749818458949, 0.3135016346222734, 0.31318066881535805, 0.31535646395936406, 0.3134604301048468, 0.31638094017358676, 0.32291414961218834, 0.3215617330311096, 0.3198885924297653, 0.3253026008605957, 0.3203286531649224, 0.32279723010038675, 0.325971635645383, 0.325419989095567, 0.3305837914143523, 0.33187542580170176, 0.33053740430368134, 0.33314200985717446, 0.32462794752153634, 0.3271038461833784, 0.33056695095888555, 0.34066419834143497, 0.33609249356062443, 0.34358116275031275, 0.34033764163925223, 0.3394437865035175, 0.34224577202168227, 0.3485998920586011, 0.34267201422624394, 0.34522558616040505, 0.3481392201087246, 0.35182324164126016, 0.34684110519616573, 0.35153522720075636, 0.3471795316938668, 0.35166385285046003, 0.3532404258643111, 0.3589317637865674, 0.3492881314803476, 0.3481521919267635, 0.3537140176312564, 0.3604659263095627, 0.35747567860231005, 0.3568269193478643, 0.36181713885640443, 0.3623441993067526]}