{"val_iou": [0.17968532489612699, 0.1934525496326387, 0.19754704320803285, 0.2081270874477923, 0.2125665000639856, 0.21185558009892702, 0.2125699920579791, 0.21714572701603174, 0.21888949675485492, 0.21904205111786723, 0.21854787459596992, 0.21748689748346806, 0.2173217972740531, 0.21947525953873992, 0.22155423229560256, 0.22228263644501567, 0.22365840803831816, 0.24310367088764906, 0.23611424816772342, 0.25387917505577207, 0.2526018605567515, 0.24604775523766875, 0.2589664841070771, 0.26126290531829, 0.2794519532471895, 0.2844444550573826, 0.2909327344968915, 0.2596091851592064, 0.2765088132582605, 0.28354606544598937, 0.28341314662247896, 0.26757014263421297, 0.29592346493154764, 0.29134632693603635, 0.30003491370007396, 0.301498768851161, 0.29443442169576883, 0.3073211433365941, 0.3100885092280805, 0.31053216475993395, 0.30578009225428104, 0.30839264998212457, 0.3110116897150874, 0.3128447192721069, 0.3037142716348171, 0.316606936044991, 0.31100328359752893, 0.302284752484411, 0.318117240909487, 0.31690965313464403, 0.31686285976320505, 0.31101818894967437, 0.3168925945647061, 0.30332428915426135, 0.3155953767709434, 0.3139734659343958, 0.3185125384479761, 0.30716775078326464, 0.32410389045253396, 0.312216202262789, 0.316524603869766, 0.3118610866367817, 0.31723878998309374, 0.3198513863608241, 0.3215631451457739, 0.3178826551884413, 0.30643826350569725, 0.32589279394596815, 0.32314217928797007, 0.30254549952223897, 0.3152735182084143, 0.3129448159597814, 0.3242754451930523, 0.2992778201587498, 0.3227128032594919, 0.3139610290527344, 0.3160916864871979, 0.3241899171844125, 0.32705536717548966, 0.3184316954575479, 0.3091583279892802, 0.32422384480014443, 0.3184067262336612, 0.32245768513530493, 0.31451940489932895, 0.32535724667832255, 0.321750826202333, 0.31716179149225354, 0.32356571312993765, 0.322551847435534, 0.31488846987485886, 0.3201482240110636, 0.31956518022343516, 0.3214475903660059, 0.3210850595496595, 0.32552663795650005, 0.3187297540716827, 0.321239847689867, 0.31776064820587635, 0.32193638756871223], "test_iou": [0.14271273463964462, 0.14277921617031097, 0.14277921617031097, 0.14277921617031097, 0.14277921617031097, 0.14277921617031097, 0.14277921617031097, 0.14277921617031097, 0.14277921617031097, 0.14277921617031097, 0.14277921617031097, 0.14277921617031097, 0.14277921617031097, 0.14277921617031097, 0.14277921617031097, 0.14277921617031097, 0.14277921617031097, 0.14277935773134232, 0.14277663081884384, 0.14277921617031097, 0.14277921617031097, 0.14277921617031097, 0.15097147226333618, 0.18419837951660156, 0.22086430341005325, 0.21500660479068756, 0.22269167006015778, 0.2144535481929779, 0.22279039025306702, 0.22451623529195786, 0.20413316786289215, 0.22839948534965515, 0.23415779322385788, 0.22393342107534409, 0.2634958252310753, 0.23835919797420502, 0.23061496764421463, 0.24353335052728653, 0.2738378867506981, 0.27469824254512787, 0.2579168900847435, 0.299570269882679, 0.2968190610408783, 0.24869253486394882, 0.26612943410873413, 0.29614219069480896, 0.24794549494981766, 0.29076698422431946, 0.2866341173648834, 0.2519383653998375, 0.2782580107450485, 0.27994874119758606, 0.29890211671590805, 0.29216746985912323, 0.316592738032341, 0.2883595675230026, 0.27866675704717636, 0.2834547609090805, 0.2961942330002785, 0.2468903809785843, 0.26261354237794876, 0.29717114567756653, 0.30303914844989777, 0.2708272114396095, 0.30951226502656937, 0.303474985063076, 0.24207458645105362, 0.29900386184453964, 0.2784150391817093, 0.25607752799987793, 0.2844967171549797, 0.2853527069091797, 0.2760479152202606, 0.24353793263435364, 0.2944967746734619, 0.29909949004650116, 0.2632180452346802, 0.29363376647233963, 0.3053010627627373, 0.30615974217653275, 0.28610534965991974, 0.3037392944097519, 0.29568538814783096, 0.2931685522198677, 0.2694545239210129, 0.2922217398881912, 0.29152464121580124, 0.2848023623228073, 0.3021753653883934, 0.30819858610630035, 0.29944905638694763, 0.2989177703857422, 0.2945135086774826, 0.29363008588552475, 0.2971721813082695, 0.29657286405563354, 0.29648078978061676, 0.31271446496248245, 0.2785431891679764, 0.30551039427518845], "train_iou": [0.1418636314162653, 0.17448657751083374, 0.1803268948952629, 0.18485351708041478, 0.18774414450338442, 0.19030799818773791, 0.19199479738735173, 0.18975479982487142, 0.1949066148739155, 0.19407902275250383, 0.19523763437181302, 0.19320268745291724, 0.19340514090575583, 0.1960505764063907, 0.19411709527038548, 0.19986092789124135, 0.20545942948697365, 0.21114044355815403, 0.21142956808413546, 0.2181380414085029, 0.2200433978275077, 0.22554500901127514, 0.22385242168013364, 0.23121158957277257, 0.24038138046656568, 0.24947724052487988, 0.2565119530852527, 0.26135790041864737, 0.2603337101842443, 0.2672857229329952, 0.2686276360835931, 0.2756239733059112, 0.2753082508706067, 0.2790054893248702, 0.28127188357996613, 0.28420516246393934, 0.2880512135077829, 0.28439012282106974, 0.29159111784745567, 0.29516670944756024, 0.293683533339876, 0.289336879265635, 0.2943061334017205, 0.2946514299471084, 0.29515471350248546, 0.2985341908690864, 0.2955013306887999, 0.3019080151331751, 0.30311547587179155, 0.3029169812288186, 0.29768505906813764, 0.3063597162700679, 0.3045355068800384, 0.2982891209117354, 0.3030096979378021, 0.30938281981300003, 0.3074153556603275, 0.3055644046055944, 0.310044522409978, 0.3116694111121844, 0.3133712938080912, 0.31585234066803164, 0.3085305535630004, 0.32094019278883934, 0.316224609488902, 0.31383731302945583, 0.31606585134382115, 0.3177569724925577, 0.3221730207641647, 0.31990500804904387, 0.3200097662741191, 0.32326602078463934, 0.3187201669159001, 0.31760856284670635, 0.3240422065535637, 0.328731329933013, 0.3266337867060753, 0.33142895042283893, 0.3250622718199475, 0.32781593930231384, 0.3265504422661376, 0.3316936168360384, 0.33117052958640336, 0.32911582010453694, 0.3307481331061827, 0.3321083903006495, 0.33261736870220265, 0.3372263854292974, 0.32988795076739297, 0.3385891715855631, 0.33709356484756076, 0.3316194151260265, 0.33694811542964964, 0.33273696404409736, 0.33665132078610055, 0.34071597599819914, 0.34510558940572283, 0.33592560234135144, 0.34166353389824905, 0.3440929188405814]}