{"val_iou": [0.14143372885882854, 0.17122224066406488, 0.18283031648024917, 0.18519610911607742, 0.187840657774359, 0.19117446895688772, 0.1936959377489984, 0.19411487597972155, 0.19688190426677465, 0.19800632214173675, 0.2006844994612038, 0.19960808008909225, 0.2020067209377885, 0.20282057719305158, 0.20287058968096972, 0.20457719778642058, 0.2054747394286096, 0.203111263923347, 0.20586151164025068, 0.20729834493249655, 0.2058394206687808, 0.20795822888612747, 0.20672729378566146, 0.20779555896297097, 0.2078407728113234, 0.20794449793174863, 0.2073585046455264, 0.20763660920783877, 0.20769618544727564, 0.20896389707922935, 0.20885550370439887, 0.22241294849663973, 0.2143528638407588, 0.2137692798860371, 0.22645074035972357, 0.23655690345913172, 0.2319375011138618, 0.24113754043355584, 0.24802313977852464, 0.2431453256867826, 0.24519601231440902, 0.24946438800543547, 0.2509995335713029, 0.2524332366883755, 0.24996856041252613, 0.24831085093319416, 0.2508912207558751, 0.25068598985671997, 0.2578976056538522, 0.2511646952480078, 0.2596839889883995, 0.2657636166550219, 0.2680511218495667, 0.272694599814713, 0.2697930955328047, 0.27013151021674275, 0.282060444355011, 0.2806081473827362, 0.2827365966513753, 0.2781509165652096, 0.27944996813312173, 0.2820457033813, 0.2820133874192834, 0.2805872834287584, 0.28085921332240105, 0.2830649549141526, 0.2868761606514454, 0.28836860368028283, 0.2860798966139555, 0.28262421768158674, 0.28093177638947964, 0.2790854312479496, 0.2832717844285071, 0.29021158069372177, 0.2853366620838642, 0.2923480663448572, 0.28831407986581326, 0.2929649720899761, 0.2919689021073282, 0.2902675038203597, 0.28888928424566984, 0.28693725215271115, 0.28857359243556857, 0.2892216513864696, 0.29286225931718946, 0.2941291416063905, 0.2941789482720196, 0.28944188822060823, 0.29517423594370484, 0.29079027520492673, 0.2890513385646045, 0.2922704303637147, 0.29379648761823773, 0.294438558164984, 0.29282850539311767, 0.2949586776085198, 0.2928254180587828, 0.2902518752962351, 0.28923108614981174, 0.2956450143828988], "test_iou": [0.14118961244821548, 0.14265088737010956, 0.14266709238290787, 0.14271314442157745, 0.1427285373210907, 0.14273780584335327, 0.142730712890625, 0.14275020360946655, 0.14275851845741272, 0.14276123046875, 0.14276137202978134, 0.1427634209394455, 0.1427677720785141, 0.14277105033397675, 0.1427721381187439, 0.14277540147304535, 0.14277759194374084, 0.14277717471122742, 0.14277921617031097, 0.14277921617031097, 0.14277921617031097, 0.14277921617031097, 0.14277921617031097, 0.14277921617031097, 0.14277921617031097, 0.14277921617031097, 0.14277921617031097, 0.14277921617031097, 0.14277921617031097, 0.14277921617031097, 0.14277921617031097, 0.14277921617031097, 0.14277921617031097, 0.14277921617031097, 0.14277921617031097, 0.15488752722740173, 0.14277921617031097, 0.15328533202409744, 0.15721812844276428, 0.14377210289239883, 0.1660677269101143, 0.1578430011868477, 0.15875133872032166, 0.1629161685705185, 0.16171427816152573, 0.15171120315790176, 0.1600862219929695, 0.15121755003929138, 0.16264700144529343, 0.1565013751387596, 0.17741480469703674, 0.20531556010246277, 0.19687280803918839, 0.19766541570425034, 0.20446018129587173, 0.21237141638994217, 0.2220941111445427, 0.22641725838184357, 0.2314709722995758, 0.23565221577882767, 0.21447395533323288, 0.23791085183620453, 0.22538600862026215, 0.2437475249171257, 0.22173209488391876, 0.23490138351917267, 0.23591014742851257, 0.23796380311250687, 0.24536342173814774, 0.22903144359588623, 0.23380466550588608, 0.22673776000738144, 0.2359854057431221, 0.24086486548185349, 0.213486447930336, 0.24225730448961258, 0.22963814437389374, 0.24484491348266602, 0.2467089146375656, 0.23911774903535843, 0.2468445673584938, 0.25491755455732346, 0.24441804736852646, 0.24515308439731598, 0.2451920062303543, 0.2484469711780548, 0.24971214681863785, 0.24516629427671432, 0.25083064287900925, 0.24712331593036652, 0.2489716112613678, 0.24572427570819855, 0.25952697545289993, 0.2523498237133026, 0.24341966956853867, 0.25412677228450775, 0.2522226795554161, 0.23554249107837677, 0.23998074978590012, 0.2552587613463402], "train_iou": [0.1328937079349201, 0.145106356284798, 0.16412914784191407, 0.1737493906323224, 0.1775639917038075, 0.1801726224079524, 0.18171907838893264, 0.1801161297584233, 0.18438775704739846, 0.185066429719533, 0.18605836001161027, 0.1870480256333743, 0.18620946350162976, 0.18906656713926628, 0.18785587330795314, 0.19149969140552495, 0.1900295309518298, 0.1899799645355303, 0.18939040121558595, 0.1919023066963235, 0.19247213414270584, 0.19388550351539705, 0.19351707403994586, 0.19436488361799553, 0.1958812253217991, 0.1981892668935534, 0.19861905894254986, 0.19693849490929957, 0.19463267942813978, 0.2005887185669925, 0.20134337144355252, 0.20958028677595805, 0.20987415895478367, 0.2102756709472774, 0.21553527007568374, 0.23143372557138744, 0.2398720806694194, 0.24393805289921694, 0.24819713795225914, 0.2535968484637672, 0.25161514548610336, 0.2592099503397125, 0.2570932501901502, 0.2663101156892842, 0.2689131669291895, 0.27187626074029975, 0.2747840843074126, 0.27617544910475, 0.2800963979775775, 0.27638608069248394, 0.2820152891927386, 0.290948906479633, 0.2955207641504399, 0.282907117770551, 0.30915597127112626, 0.3206710683258429, 0.3279602869528614, 0.33274943815314606, 0.3385496349265314, 0.34170180640808523, 0.34079000338503757, 0.34536157288167574, 0.3477485397294776, 0.3523647895414535, 0.3472500945607277, 0.3534361165884423, 0.35484539411247595, 0.35402836507722124, 0.36175703992174096, 0.3632499712889325, 0.36497862999365754, 0.36456427804819524, 0.35863925292067333, 0.3706581078163565, 0.3778481173188719, 0.3780009668473511, 0.38680246104932814, 0.39905490210815653, 0.39693371002396494, 0.39392050422013625, 0.39772543474419475, 0.3356381270983448, 0.3944092004572692, 0.40716314331105313, 0.41237821373833367, 0.4192897399300582, 0.4133077349054487, 0.4179680849081033, 0.4113165882658468, 0.41342806821204214, 0.4137828055616111, 0.41964791357925496, 0.41354530044410326, 0.4054182918920909, 0.4135143765031475, 0.42074515502134413, 0.4217481504972667, 0.4114828340403021, 0.3888980899363348, 0.40874638260431484]}