{"val_iou": [0.14216037886217237, 0.14220613008365035, 0.1422132160514593, 0.1615158822387457, 0.15046729426831007, 0.14721956616267562, 0.1627931809052825, 0.1421830514445901, 0.15391371864825487, 0.14591928897425532, 0.1422993652522564, 0.1691173566505313, 0.15660000313073397, 0.14221433736383915, 0.15312082832679152, 0.1421329346485436, 0.14765564166009426, 0.1575251966714859, 0.1440420625731349, 0.15698792366310954, 0.15683117508888245, 0.15323624201118946, 0.1562353866174817, 0.1422646869905293, 0.14223957434296608, 0.14386596204712987, 0.14507267158478498, 0.1517921769991517, 0.14220589259639382, 0.14220364391803741, 0.1503050192259252, 0.14224926754832268, 0.1427492843940854, 0.14337664190679789, 0.1499677048996091, 0.14488581102341413, 0.1422083042562008, 0.16216124640777707, 0.15337611827999353, 0.15484826872125268, 0.16706797759979963, 0.1422306951135397], "test_iou": [0.1427506059408188, 0.14277921617031097, 0.14277921617031097, 0.14277921617031097, 0.14277921617031097, 0.14277921617031097, 0.14277921617031097, 0.14277921617031097, 0.14277921617031097, 0.14277921617031097, 0.14277921617031097, 0.14277921617031097, 0.14277921617031097, 0.14277921617031097, 0.14277921617031097, 0.14277921617031097, 0.14277921617031097, 0.14277921617031097, 0.14277921617031097, 0.14277921617031097, 0.14277921617031097, 0.14277921617031097, 0.14277921617031097, 0.14277921617031097, 0.14277921617031097, 0.14277921617031097, 0.14277921617031097, 0.14277921617031097, 0.14277921617031097, 0.14277921617031097, 0.14277921617031097, 0.14277921617031097, 0.14277921617031097, 0.14277921617031097, 0.14277921617031097, 0.14277921617031097, 0.14277921617031097, 0.14277921617031097, 0.14277921617031097, 0.14277921617031097, 0.14277921617031097, 0.14277921617031097], "train_iou": [0.14141582728248753, 0.14235761128876306, 0.1423382545783095, 0.14666195734314721, 0.1462178644660401, 0.14476269202893727, 0.14572167718043066, 0.14556967977383364, 0.1499502422058419, 0.144841140927109, 0.14835670146427743, 0.15392716754585095, 0.1528120101110576, 0.15511072085124172, 0.15099054217746813, 0.14731314145538904, 0.1494399546454214, 0.1531204279665261, 0.14976780922853783, 0.15521832647388928, 0.1559596108655407, 0.152322005225371, 0.15003506788243987, 0.14999914924575858, 0.15217393672425453, 0.1514200689143514, 0.1572082218752332, 0.145882961225428, 0.15655488571892046, 0.15165566275381062, 0.15239727808392212, 0.15337723090428196, 0.1527799691443574, 0.14964879523605518, 0.1543603325645401, 0.1499969280031446, 0.15032597524050165, 0.15528830901196558, 0.15449230867910058, 0.1528303403254241, 0.1534697052652705, 0.15499986631617155]}