{"val_iou": [0.14261008333414793, 0.14255871111527085, 0.14206595486029983, 0.15802916744723916, 0.1734332488849759, 0.18763372069224715, 0.18837349163368344, 0.1911046002060175, 0.18862682348117232, 0.19415418524295092, 0.19643335230648518, 0.19621207984164357, 0.19650206761434674, 0.20083683216944337, 0.200269996188581, 0.20186558039858937, 0.20138232270255685, 0.20023114513605833, 0.20276096975430846, 0.20408020913600922, 0.20274377148598433, 0.20751974172890186, 0.2108389250934124, 0.2215436096303165, 0.22178297117352486, 0.2240928835235536, 0.2315679513849318, 0.2297179028391838, 0.2408904181793332, 0.23671467043459415, 0.24011703580617905, 0.24867164669558406, 0.2461409093812108, 0.2400214751251042, 0.24439244624227285, 0.24684290075674653, 0.24286927841603756, 0.24753122217953205, 0.25814043590798974, 0.2575954617932439, 0.2551123481243849, 0.2635880736634135, 0.26372169191017747, 0.2688803384080529, 0.2658027117140591, 0.2683231830596924, 0.2781712366268039, 0.27128801587969065, 0.2704332829453051, 0.269984204787761, 0.27831011451780796, 0.28477435326203704, 0.28105704206973314, 0.279074152931571, 0.28405316919088364, 0.2659325236454606, 0.28689588513225317, 0.2842271267436445, 0.284285141620785, 0.27882913779467344, 0.2819298766553402, 0.2794664525426924, 0.2896145167760551, 0.28266130248084664, 0.2853669058531523, 0.2882073372602463, 0.2844516928307712, 0.292315480299294, 0.2936074729077518, 0.28815676365047693, 0.2903156094253063, 0.2641837578266859, 0.28754728520289063, 0.2898935414850712, 0.2931935293599963, 0.2967104953713715, 0.28507828479632735, 0.2939108218997717, 0.2830495913513005, 0.28157867630943656, 0.2883146982640028, 0.2927808207459748, 0.29394920775666833, 0.2937818574719131, 0.2946160244755447, 0.293804032728076, 0.29616021597757936, 0.29444080451503396, 0.2936528637073934, 0.2936277845874429, 0.2911851843819022, 0.2901191134005785, 0.29655209090560675, 0.28348029078915715, 0.2948122466914356, 0.29901092825457454, 0.29097183980047703, 0.2977704838849604, 0.2984680328518152, 0.29236567253246903], "test_iou": [0.1412576660513878, 0.1423274502158165, 0.14268507808446884, 0.1427294984459877, 0.1427348032593727, 0.14274869859218597, 0.14276123046875, 0.14277105033397675, 0.1427743136882782, 0.14277513325214386, 0.14277812838554382, 0.14277921617031097, 0.14277921617031097, 0.14277921617031097, 0.14277921617031097, 0.14277894794940948, 0.14277921617031097, 0.14277921617031097, 0.14277921617031097, 0.14277921617031097, 0.14277921617031097, 0.14277976006269455, 0.14277949184179306, 0.14277935773134232, 0.14277949184179306, 0.1427808552980423, 0.14278439432382584, 0.1427818089723587, 0.14278452843427658, 0.14278044551610947, 0.15157301723957062, 0.15752117335796356, 0.15345681458711624, 0.15468520671129227, 0.1518712192773819, 0.15367673337459564, 0.14512236416339874, 0.15995429456233978, 0.15843656659126282, 0.16007763147354126, 0.16411712765693665, 0.16382996737957, 0.15896129608154297, 0.16067177802324295, 0.17473117262125015, 0.18222884833812714, 0.22496920824050903, 0.20538436621427536, 0.18788135796785355, 0.1922580599784851, 0.21390777826309204, 0.23637705296278, 0.21991191059350967, 0.2145901545882225, 0.22120608389377594, 0.2227952927350998, 0.2429988831281662, 0.24060629308223724, 0.24807417392730713, 0.23250123858451843, 0.241641566157341, 0.24577270448207855, 0.24142351746559143, 0.2538386732339859, 0.24749727547168732, 0.25209102034568787, 0.2605002596974373, 0.2463092803955078, 0.2603110298514366, 0.2491743490099907, 0.24096816778182983, 0.22205597907304764, 0.24276287108659744, 0.2552531808614731, 0.2465827465057373, 0.2666410654783249, 0.24542689323425293, 0.2474825233221054, 0.2440238669514656, 0.24082721769809723, 0.24366340041160583, 0.2529662624001503, 0.2476120889186859, 0.24856175482273102, 0.24753395467996597, 0.2559775933623314, 0.25960947573184967, 0.23688087612390518, 0.246573343873024, 0.2541143372654915, 0.24940168857574463, 0.2501204088330269, 0.2515951097011566, 0.2559204548597336, 0.2544708326458931, 0.25087015330791473, 0.2534583956003189, 0.25180666893720627, 0.2627675533294678, 0.2546845003962517], "train_iou": [0.13121278339052853, 0.14257519049187228, 0.142318470735256, 0.14307755696242802, 0.15832252958661888, 0.1689482117454483, 0.1748772571756415, 0.1757642068479159, 0.17909847506105084, 0.1800442653363698, 0.18133739667804274, 0.18341926725147523, 0.18258990918936796, 0.18574930804028902, 0.1843571243935252, 0.18848391530448444, 0.1869562842360098, 0.18664398085172862, 0.1860921561003548, 0.1880473919621069, 0.18885083124041557, 0.18982364665972043, 0.1923321958069932, 0.1986959679690126, 0.20214501385615297, 0.20573752240775384, 0.21175511640636888, 0.21260297313740809, 0.2131034861484619, 0.22411934005683415, 0.22544548354328495, 0.22651236662513588, 0.22528612072745416, 0.23295374423877835, 0.23665901885865487, 0.23795684937336672, 0.24249544106934168, 0.24273257962849043, 0.24986998032625407, 0.25062375622865274, 0.24116255572601542, 0.2550413269702702, 0.24259549950900144, 0.2575768361965271, 0.2622102126989463, 0.2697380535202484, 0.2762995435256664, 0.2789127224010147, 0.28395299735951096, 0.28116686402322494, 0.2876939747023256, 0.2907181934338726, 0.2691678695176562, 0.2902304919513121, 0.2908746618012043, 0.3103181146697639, 0.2996863910596665, 0.30613881584307917, 0.3065935885150955, 0.30799753172961, 0.3147200945611686, 0.3211781161084567, 0.3152160726181448, 0.31893803832465656, 0.31247568176421403, 0.3162426384650681, 0.31811158700960956, 0.31334248552583666, 0.3327409496454343, 0.3327916753924873, 0.336809126073367, 0.32919339432495914, 0.31456264368679426, 0.32416310089908235, 0.33821591571585774, 0.34559793183452464, 0.3275416161711902, 0.33164150400521003, 0.3262392903537783, 0.3110275183842607, 0.339338855333116, 0.3434757100903008, 0.34052427643782474, 0.3457190931761918, 0.360547911784012, 0.36119439059945, 0.35569210391338557, 0.36674747207801633, 0.3586169085274004, 0.3497185537668124, 0.3595745377752879, 0.358822216828392, 0.33907637056218437, 0.3481589045936931, 0.355871213880712, 0.380795821649571, 0.3815397850862921, 0.364362342665865, 0.35085737189813837, 0.36510914043612674]}