{"val_iou": [0.17177530424669385, 0.15538525860756636, 0.1648255791515112, 0.1703358651138842, 0.1492677046917379, 0.1451747207902372, 0.1608114978298545, 0.13829589262604713, 0.16484971437603235, 0.16428390378132463, 0.16604411182925105, 0.1705421688966453, 0.16395934019237757, 0.1682164235971868, 0.15771848801523447, 0.1627578898333013, 0.1680898182094097, 0.1680147871375084, 0.1685627051629126, 0.16486098850145936, 0.13782674330286682, 0.16628951812162995, 0.1683718180283904, 0.1375410002656281, 0.16699250042438507, 0.1683829422108829, 0.16636250913143158, 0.14774045906960964, 0.16482805274426937, 0.16890667099505663, 0.17447296204045415, 0.1372158075682819, 0.16052704816684127, 0.16603971365839243, 0.16738579981029034, 0.16776100872084498, 0.17584091052412987, 0.17522985395044088, 0.16739809792488813, 0.16303634736686945, 0.17364716436713934, 0.16318916250020266, 0.1736869472078979, 0.16868300223723054, 0.13710891804657876, 0.15698384074494243, 0.15832249959930778, 0.1680036266334355, 0.15431443834677339, 0.16713896626606584, 0.13979862444102764, 0.1729025412350893, 0.17832496110349894, 0.1595985982567072, 0.16373499343171716, 0.1733051729388535, 0.1785778570920229, 0.17662268364802003, 0.1747018056921661, 0.16987359104678035, 0.16729743778705597, 0.17027231259271502, 0.17307228641584516, 0.16539111314341426, 0.1700120698660612, 0.168185003567487, 0.1739279585890472, 0.1686391090042889, 0.14878058340400457, 0.1742734727449715, 0.17320137564092875, 0.16320424806326628, 0.17210230277851224, 0.17761955689638853, 0.1738554434850812, 0.16390570905059576, 0.1623926842585206, 0.15947379590943456, 0.15246613090857863, 0.1582086649723351, 0.164500979706645, 0.17186103854328394, 0.1720729791559279, 0.16556229768320918, 0.17654997343197465, 0.171221564989537, 0.13811142509803176], "test_iou": [0.1421091929078102, 0.1421091929078102, 0.1421091929078102, 0.1421091929078102, 0.1421091929078102, 0.1421091929078102, 0.1421091929078102, 0.1421091929078102, 0.1421091929078102, 0.1421091929078102, 0.1421091929078102, 0.1421091929078102, 0.1421091929078102, 0.1421091929078102, 0.1421091929078102, 0.1421091929078102, 0.1421091929078102, 0.1421091929078102, 0.1421091929078102, 0.1421091929078102, 0.1421091929078102, 0.1421091929078102, 0.1421091929078102, 0.1421091929078102, 0.1421091929078102, 0.1421091929078102, 0.1421091929078102, 0.1421091929078102, 0.1421091929078102, 0.1421091929078102, 0.1421091929078102, 0.1421091929078102, 0.1421091929078102, 0.1421091929078102, 0.1421091929078102, 0.1421091929078102, 0.1421091929078102, 0.1421091929078102, 0.1421091929078102, 0.1421091929078102, 0.1421091929078102, 0.1421091929078102, 0.1421091929078102, 0.1421091929078102, 0.1421091929078102, 0.1421091929078102, 0.1421091929078102, 0.1421091929078102, 0.1421091929078102, 0.1421091929078102, 0.1421091929078102, 0.1421091929078102, 0.1421091929078102, 0.1421091929078102, 0.1421091929078102, 0.1421091929078102, 0.1421091929078102, 0.1421091929078102, 0.1421091929078102, 0.1421091929078102, 0.1421091929078102, 0.1421091929078102, 0.1421091929078102, 0.1421091929078102, 0.1421091929078102, 0.1421091929078102, 0.1421091929078102, 0.1421091929078102, 0.1421091929078102, 0.1421091929078102, 0.1421091929078102, 0.1421091929078102, 0.1421091929078102, 0.1421091929078102, 0.1421091929078102, 0.1421091929078102, 0.1421091929078102, 0.1421091929078102, 0.1421091929078102, 0.1421091929078102, 0.1421091929078102, 0.1421091929078102, 0.1421091929078102, 0.1421091929078102, 0.1421091929078102, 0.1421091929078102, 0.1421091929078102], "train_iou": [0.14471506830049705, 0.15430701069840014, 0.1593439419792123, 0.15789431231479123, 0.15860503848182828, 0.15629169758256167, 0.1552259318326434, 0.15531723767723124, 0.16128372449478875, 0.15610387252822314, 0.1582673573738908, 0.16042638932393022, 0.15904379314551614, 0.16090659491003376, 0.16022402022595275, 0.1587864892837936, 0.15855487196208679, 0.1594848493752006, 0.15863406933742027, 0.16129197149652325, 0.1605883256519494, 0.15911504832951173, 0.15867605144540742, 0.1590725927014057, 0.1595463694060502, 0.16064382176080796, 0.16256339378552895, 0.1572011511211526, 0.15997550728386395, 0.16056580729272268, 0.16127112293488358, 0.16025162258580938, 0.15815000705523033, 0.15938185430961113, 0.16110675720727607, 0.15972278195701234, 0.1591007331360693, 0.16177786789732437, 0.16277736364162132, 0.1604017186654757, 0.16201279850753203, 0.16187904923133653, 0.16228880271417637, 0.16170294587946918, 0.15918374760714296, 0.1598178460071348, 0.15847920677433275, 0.16247898238162473, 0.1615439190031731, 0.15854924881499108, 0.1582844924334794, 0.16019090821277604, 0.15954514552060872, 0.16187137934341006, 0.16069634197509453, 0.16222512579127535, 0.1605739917555084, 0.16255844412499096, 0.16221718362545315, 0.1621784630091223, 0.16021172523702662, 0.1601521749151488, 0.15835040266791436, 0.16123106723574743, 0.16089948289708733, 0.1597090855955261, 0.16152640028971516, 0.16244958096171078, 0.1614274405555366, 0.1626453443034871, 0.16052749064074803, 0.16146351774669673, 0.16044404699581943, 0.162340665925039, 0.16094693908952687, 0.16401921437211234, 0.16009429357435606, 0.16469890991710637, 0.161435092761092, 0.16100213232718102, 0.1586850417701349, 0.16033737723753877, 0.1634951372158854, 0.16338993445651173, 0.16212913297014694, 0.16455662352581546, 0.1599136740989881]}