{"val_iou": [0.1973653668537736, 0.20116678159683943, 0.20176349394023418, 0.19614374544471502, 0.2108411299996078, 0.232838389929384, 0.23994471598416567, 0.2502922536805272, 0.2362258448265493, 0.24539940059185028, 0.2519714506343007, 0.2588358065113425, 0.2586732469499111, 0.2636294784024358, 0.2661573155783117, 0.2541620167903602, 0.2719583581201732, 0.26043069921433926, 0.2706419574096799, 0.27839456032961607, 0.26571116875857115, 0.2658035890199244, 0.2580896713770926, 0.2758684949949384, 0.28558824257925153, 0.27954646619036794, 0.27326394664123654, 0.27692839270457625, 0.2807559920474887, 0.27720965864136815, 0.27237015264108777, 0.2776879225857556, 0.2738301968201995, 0.28121837647631764, 0.2638022149913013, 0.27112356200814247, 0.26447976427152753, 0.27383137261494994, 0.2896634885109961, 0.2846527639776468, 0.27404182869940996, 0.28019264666363597, 0.29174675373360515, 0.28754145139828324, 0.2760168253444135, 0.291365213226527, 0.284726707264781, 0.28709924314171076, 0.2889447514899075, 0.2808535769581795, 0.29245366156101227, 0.28622283739969134, 0.29189846478402615, 0.28680902626365423, 0.2681639464572072, 0.26910261809825897, 0.2906568665057421, 0.2878082827664912, 0.2889885110780597, 0.2861902480944991, 0.29068922251462936, 0.28044140012934804, 0.2896400331519544, 0.29510159231722355, 0.29273893497884274, 0.290251134429127, 0.2892265827395022, 0.3004640103317797, 0.2556071453727782, 0.2871888503432274, 0.2840342470444739, 0.27478177659213543, 0.2896480052731931, 0.28936816146597266, 0.28603204200044274, 0.29610542953014374, 0.285988331772387, 0.2896982142701745, 0.29264425905421376, 0.2864306573756039, 0.2906894567422569, 0.2841631229966879, 0.2939078947529197, 0.2972497269511223, 0.25463211676105857, 0.29928518598899245, 0.29544911114498973, 0.294256498105824, 0.2918060887604952, 0.29851901065558195, 0.286914199590683, 0.2961596571840346, 0.29532975796610117, 0.28578310925513506, 0.2950535863637924, 0.29368480388075113, 0.28712419839575887, 0.2980504329316318], "test_iou": [0.1421097368001938, 0.14210905879735947, 0.14210932701826096, 0.1421091929078102, 0.1421091929078102, 0.14211352914571762, 0.14463677257299423, 0.14625916630029678, 0.14373740553855896, 0.1433139443397522, 0.14418470114469528, 0.15014051645994186, 0.15606147050857544, 0.1587653085589409, 0.16820555180311203, 0.15866520255804062, 0.19549427181482315, 0.1748235747218132, 0.20207784324884415, 0.2196398675441742, 0.19759796559810638, 0.22875327616930008, 0.15964049100875854, 0.23358432948589325, 0.24661549925804138, 0.2340785339474678, 0.22112032771110535, 0.24043771624565125, 0.2524463087320328, 0.24228814989328384, 0.23850543051958084, 0.24965913593769073, 0.22119826078414917, 0.2344566360116005, 0.2139994278550148, 0.23792390525341034, 0.2236497551202774, 0.24274349212646484, 0.2448132485151291, 0.24621788412332535, 0.2426396757364273, 0.243917316198349, 0.24546197801828384, 0.2616894692182541, 0.24820149689912796, 0.2579391598701477, 0.2565543055534363, 0.24482981860637665, 0.2618726044893265, 0.20924373716115952, 0.26750336587429047, 0.23676208406686783, 0.25873760133981705, 0.25136151909828186, 0.2345590442419052, 0.1904456838965416, 0.2509998381137848, 0.23536000400781631, 0.25209882110357285, 0.2569059133529663, 0.24895397573709488, 0.2163040190935135, 0.25480256229639053, 0.25891006737947464, 0.2521760016679764, 0.2453591153025627, 0.2514878809452057, 0.257031187415123, 0.26366986334323883, 0.23822784423828125, 0.22279106080532074, 0.20255760848522186, 0.24192524701356888, 0.25134170800447464, 0.2413598597049713, 0.25359640270471573, 0.24800433218479156, 0.23835871368646622, 0.2475600615143776, 0.23676838725805283, 0.24193623661994934, 0.23526610434055328, 0.24745623767375946, 0.2580743134021759, 0.2219696193933487, 0.2611069232225418, 0.24241632223129272, 0.24857699126005173, 0.25338076055049896, 0.27244144678115845, 0.24011781066656113, 0.2634230703115463, 0.24349159002304077, 0.245294027030468, 0.2429809272289276, 0.25446002185344696, 0.24257637560367584, 0.2451164275407791], "train_iou": [0.1692419231244146, 0.17840600809822343, 0.18231656851425562, 0.183182377266149, 0.18726666427332245, 0.1959560716601267, 0.20526918962801974, 0.20911434925582312, 0.2162768249081014, 0.2203501148583138, 0.22022716884743676, 0.221895904956411, 0.22267259953364935, 0.2243244959781431, 0.2294678167529302, 0.2335597706371791, 0.2355350493772389, 0.2370226625097941, 0.24226358660484013, 0.244847226020408, 0.24826596263949186, 0.25068793251906357, 0.25401939028134085, 0.2530359257369825, 0.2566965683682324, 0.25534466669371686, 0.2586307412855429, 0.25667350101348474, 0.258295414892778, 0.26304970569398306, 0.2611746289448379, 0.26627106372624226, 0.2610472667298905, 0.26213753631670184, 0.2649372578279613, 0.26808414802159347, 0.2708993046353125, 0.26323706376021855, 0.26848074416183443, 0.2709439159052013, 0.26937649429660954, 0.27242564353836723, 0.2692261517864384, 0.2692641948081859, 0.27423056189532147, 0.2737486036366796, 0.27416433781793675, 0.2736177101016861, 0.2747063608202216, 0.27692514336476587, 0.27064635941427045, 0.2789653750417167, 0.2756971788324722, 0.2778060125467712, 0.27793161535303884, 0.2750648005470021, 0.27668987316628024, 0.27589886854976825, 0.27553277932209513, 0.2772793294224021, 0.2835768507155654, 0.2814292202461256, 0.2784223626941851, 0.28349694359588296, 0.2810556121068458, 0.2792975620353875, 0.2802452530252607, 0.28207006591231853, 0.28562783904067457, 0.28511234883167974, 0.27986820271774515, 0.2837892641147522, 0.2796671355832113, 0.2814701488879445, 0.28235383336878805, 0.28799051454622454, 0.28252884934413924, 0.28829321908215955, 0.28703537384328776, 0.2857910240043516, 0.2880069227149225, 0.28950591987534746, 0.2838784678239528, 0.28979095270576544, 0.28720982224769787, 0.2909251645411531, 0.2873250166949344, 0.2885243645677828, 0.28641498583840996, 0.28954479067701183, 0.2898861987337674, 0.2930929145890556, 0.2893999277626815, 0.2864307555025571, 0.2882195326359305, 0.29852926307549216, 0.2947122243373361, 0.29245361650030904]}