{"val_iou": [0.19054639851674438, 0.19785017799586058, 0.20081924321129918, 0.2024433808401227, 0.2050661644898355, 0.24182645929977298, 0.251155873760581, 0.258764804340899, 0.23799560265615582, 0.24821395706385374, 0.2675938359461725, 0.2490329761058092, 0.27058355789631605, 0.2690532999113202, 0.26939041912555695, 0.273509431630373, 0.26833866722881794, 0.2657265095040202, 0.2803275207988918, 0.28013561572879553, 0.2790937121026218, 0.28503950079903007, 0.28707684855908155, 0.2876924844458699, 0.291540393140167, 0.29344172263517976, 0.2902648872695863, 0.29057437973096967, 0.2942879181355238, 0.2957294527441263, 0.28154437988996506, 0.30119560845196247, 0.2883810568600893, 0.29429092118516564, 0.29377370374277234, 0.29752769181504846, 0.28842828841879964, 0.29693649196997285, 0.30107433581724763, 0.3018718655221164, 0.29998556384816766, 0.29841449577361345, 0.3023841353133321, 0.30580714996904135, 0.3002935778349638, 0.3067040997557342, 0.30426819436252117, 0.2994389175437391, 0.3025114913471043, 0.3022953188046813, 0.30723348213359714, 0.3075561006553471, 0.30886397790163755, 0.3044384466484189, 0.2300043017603457, 0.3035733508877456, 0.3055408429354429, 0.3072713306173682, 0.30871028266847134, 0.30292362393811345, 0.3153011566027999, 0.3086307803168893, 0.31012610951438546, 0.3157675452530384, 0.31250388687476516, 0.3135256259702146, 0.3138015060685575, 0.32007395336404443, 0.3125979066826403, 0.30848470609635115, 0.31233195262029767, 0.31113071646541357, 0.3087891060858965, 0.31545821530744433, 0.31119366688653827, 0.3205639491789043, 0.30403276393190026, 0.31230424949899316, 0.3112157336436212, 0.3117300122976303, 0.3040861547924578, 0.3122455212287605, 0.3116968525573611, 0.310944767203182, 0.31648486526682973, 0.3159639979712665, 0.3116139005869627, 0.31529093720018864, 0.316306812223047, 0.3235919615253806, 0.3210582942701876, 0.3116622259840369, 0.3206470073200762, 0.3053612154908478, 0.3168382402509451, 0.32397641707211733, 0.31373536493629217, 0.3173205009661615, 0.3158615264110267, 0.32449409179389477], "test_iou": [0.14277921617031097, 0.14277921617031097, 0.14277921617031097, 0.14277921617031097, 0.14277921617031097, 0.14278153330087662, 0.14612920582294464, 0.1484641656279564, 0.14403290301561356, 0.14612920582294464, 0.16085410118103027, 0.14277949184179306, 0.1682630553841591, 0.1702868640422821, 0.15975093841552734, 0.15942732244729996, 0.17500999569892883, 0.1492582932114601, 0.19290536642074585, 0.20501036942005157, 0.21610267460346222, 0.2401871383190155, 0.21484320610761642, 0.232081837952137, 0.2509468197822571, 0.2447618842124939, 0.24181808531284332, 0.2591865360736847, 0.2474236860871315, 0.23723573237657547, 0.22532575577497482, 0.2645097002387047, 0.24861888587474823, 0.2332114353775978, 0.26841262727975845, 0.26000073552131653, 0.2298467680811882, 0.26072289049625397, 0.2637914717197418, 0.2673302963376045, 0.2675456553697586, 0.2783152014017105, 0.2699732556939125, 0.2655249685049057, 0.27445684373378754, 0.26958637684583664, 0.25651857256889343, 0.2594699263572693, 0.27041852474212646, 0.24865897744894028, 0.27501437813043594, 0.272595152258873, 0.2753877639770508, 0.2846461683511734, 0.17758767306804657, 0.26510465145111084, 0.2767871096730232, 0.25465967506170273, 0.27079328149557114, 0.2641468048095703, 0.27323979139328003, 0.2739013284444809, 0.27478278428316116, 0.2675727754831314, 0.2863796651363373, 0.28435878455638885, 0.28685490787029266, 0.31005361676216125, 0.2740747928619385, 0.27061305940151215, 0.271847665309906, 0.25777705758810043, 0.27219536900520325, 0.29774172604084015, 0.27091552317142487, 0.30621372163295746, 0.29299208521842957, 0.2920442372560501, 0.2873317450284958, 0.27373796701431274, 0.25340524315834045, 0.27499835193157196, 0.28189006447792053, 0.2900925427675247, 0.29057393968105316, 0.31216296553611755, 0.30113592743873596, 0.28397509455680847, 0.2917903959751129, 0.31578487157821655, 0.3221753239631653, 0.3354191780090332, 0.30051755905151367, 0.31662216782569885, 0.32277049124240875, 0.33937522768974304, 0.28636155277490616, 0.2995384410023689, 0.3329995274543762, 0.31712204217910767], "train_iou": [0.14724333216882732, 0.1772983059389134, 0.1825460918145637, 0.18452348866283078, 0.19469346611263, 0.20608265549965102, 0.21493262379136804, 0.22040412493356287, 0.2277216315779784, 0.22927204769564002, 0.2333640378121644, 0.2357385257539684, 0.23300910230777036, 0.23782162409122676, 0.23953219299038794, 0.23929170437463343, 0.24078328504341923, 0.23927247192557544, 0.2457959317691522, 0.2544085352796398, 0.2590482804975281, 0.27103299861901425, 0.26960059250258417, 0.2754275915659454, 0.27457283575036756, 0.27822140124562666, 0.28033064765064686, 0.27794530885676816, 0.27586551301487505, 0.28425263582843624, 0.28426009957512766, 0.2890977729367067, 0.28607068823216714, 0.28759494005409003, 0.2864294722165963, 0.2897514255385693, 0.2960558379553769, 0.2914814665301205, 0.2948888155491385, 0.29922721739092917, 0.2966507169583889, 0.3010184763841433, 0.29532829524107174, 0.2955838645974251, 0.30105217765659503, 0.30177074124755926, 0.30161461810747237, 0.30134971103031344, 0.30306026344634085, 0.307797743798527, 0.2995299346847077, 0.3041467775322803, 0.30883543877160713, 0.3072104773496928, 0.30835137909201726, 0.3115841966785797, 0.3101602333967816, 0.31362355117724366, 0.31217501215534665, 0.3136069231653867, 0.32124902854022913, 0.32150664547943086, 0.31566428061421603, 0.32255788019871057, 0.32101327655454204, 0.32294808557792887, 0.32436547540638544, 0.3237865759595616, 0.3277094453981478, 0.32955186941648185, 0.33051287882948577, 0.33041508107969203, 0.3304658414770479, 0.33244564726132236, 0.3327655642714402, 0.3347414398234185, 0.33917858191344835, 0.33902963934695884, 0.33981216658059865, 0.33835665391732567, 0.34111660627061374, 0.34816380702469446, 0.3416022810931892, 0.3445668107740683, 0.34603122616671533, 0.3477755870210798, 0.34933881885180734, 0.35225681700322725, 0.34278613527956076, 0.35079078759028487, 0.35650627248703615, 0.3544733594235492, 0.35317222636244067, 0.3474654505820307, 0.3504416862987492, 0.36184291214975595, 0.36009716247654944, 0.35415488384561994, 0.35945359622574835, 0.3610537548179496]}