{"val_iou": [0.18520623724907637, 0.1923321601934731, 0.19870298076421022, 0.19723233580589294, 0.19989692699164152, 0.2285942635498941, 0.22421829123049974, 0.24622961599379778, 0.22153658838942647, 0.24213390797376633, 0.2546437047421932, 0.2187840142287314, 0.2583992495201528, 0.2578034629113972, 0.2588537153787911, 0.2551664374768734, 0.25483190501108766, 0.26050746254622936, 0.25707836309447885, 0.2674647467210889, 0.2582481917925179, 0.2669337233528495, 0.24334820499643683, 0.27299087680876255, 0.27014191215857863, 0.26067966083064675, 0.2737404457293451, 0.26675548823550344, 0.27505278028547764, 0.25393006298691034, 0.2554890839383006, 0.27390953060239553, 0.2654417008161545, 0.2668759902007878, 0.2666145684197545, 0.2744417395442724, 0.2475372995249927, 0.26985057489946485, 0.27964083617553115, 0.28342959471046925, 0.2745142341591418, 0.28046987019479275, 0.2784397089853883, 0.2754848920740187, 0.27193045197054744, 0.2773630334995687, 0.2731819376349449, 0.25922729494050145, 0.27346900990232825, 0.278031752910465, 0.28770713694393635, 0.29075560439378023, 0.2859542756341398, 0.2842524820007384, 0.2563589345663786, 0.26365972496569157, 0.28429369162768126, 0.28454995853826404, 0.2796197906136513, 0.2719964496791363, 0.2879113736562431, 0.23013781663030386, 0.2829299997538328, 0.2793098697438836, 0.2894273102283478, 0.28476332733407617, 0.2727586468681693, 0.2924399562180042, 0.28503755247220397, 0.27644812734797597, 0.2766147777438164, 0.26773807406425476, 0.28259814577177167, 0.28747802041471004, 0.27975289709866047, 0.2832407206296921, 0.27564878575503826, 0.27182897785678506, 0.2924302136525512, 0.2837072932161391, 0.28344926657155156, 0.2584974681958556, 0.28667595051229, 0.288163136690855, 0.27323337458074093, 0.29356722347438335, 0.2914360770955682, 0.2960147210396826, 0.28578080562874675, 0.2826168811880052, 0.2710764529183507, 0.28457120107486844, 0.288912758231163, 0.2345160827971995, 0.2800833438523114, 0.27989523159340024, 0.2689564502798021, 0.28310183994472027, 0.2821021690033376, 0.28211630275473], "test_iou": [0.14277921617031097, 0.14277921617031097, 0.14277921617031097, 0.14277921617031097, 0.14277921617031097, 0.14278044551610947, 0.14278003573417664, 0.15504227578639984, 0.14277935773134232, 0.14278031140565872, 0.1599738448858261, 0.14277935773134232, 0.1730557307600975, 0.16176562756299973, 0.15060868114233017, 0.1556805595755577, 0.15172958374023438, 0.16879663616418839, 0.1556832194328308, 0.1848379597067833, 0.1536116823554039, 0.1948123648762703, 0.14658889174461365, 0.218960739672184, 0.19394656270742416, 0.20032108575105667, 0.22397305071353912, 0.18417924642562866, 0.23429013043642044, 0.15273025631904602, 0.15734315663576126, 0.2013534978032112, 0.1823536679148674, 0.15996283292770386, 0.1745983511209488, 0.23000885546207428, 0.15218417346477509, 0.16884460300207138, 0.23314139991998672, 0.23811714351177216, 0.20463289320468903, 0.21644922345876694, 0.22630934417247772, 0.20918907970190048, 0.21453722566366196, 0.2231588512659073, 0.20838532596826553, 0.15907566994428635, 0.20799648016691208, 0.20259322226047516, 0.25000085681676865, 0.24941638857126236, 0.24708011746406555, 0.2342294231057167, 0.17146825790405273, 0.14623693376779556, 0.24823133647441864, 0.22537976503372192, 0.2210393026471138, 0.19542686641216278, 0.24141580611467361, 0.15137561410665512, 0.23694000393152237, 0.2490210011601448, 0.23712587356567383, 0.23927117139101028, 0.21297059208154678, 0.249296173453331, 0.23192661255598068, 0.22663787007331848, 0.21759524941444397, 0.18025539815425873, 0.23001451045274734, 0.22343210875988007, 0.22772874683141708, 0.2548574134707451, 0.22088687121868134, 0.1805533915758133, 0.2516825795173645, 0.24092817306518555, 0.23646024614572525, 0.16583745181560516, 0.2509966865181923, 0.24772802740335464, 0.20436646789312363, 0.2383134439587593, 0.23838989436626434, 0.2478141114115715, 0.25104954838752747, 0.23306118696928024, 0.20955580472946167, 0.2516103610396385, 0.24402668327093124, 0.14277921617031097, 0.22026315331459045, 0.2254447117447853, 0.20392972975969315, 0.232093445956707, 0.2267737090587616, 0.2151978760957718], "train_iou": [0.14226353285859708, 0.17335681729529, 0.17927653143463068, 0.18297698859074343, 0.1861978622842325, 0.19681242256336015, 0.2014220044118901, 0.20986951872298162, 0.21414355183505032, 0.21600947819956362, 0.2194010190257471, 0.2215111445482463, 0.2182436310367225, 0.22331900991601486, 0.22671825954154745, 0.22869977559128854, 0.22941451208436325, 0.22697536233965665, 0.22926460425943546, 0.2320307379409875, 0.23025520778682135, 0.23576573512121424, 0.23320145200784892, 0.23630413918258392, 0.23934269854671333, 0.2360849646876936, 0.24288283339510225, 0.2376739334774344, 0.23229708298020166, 0.24288694213514458, 0.23932898167061478, 0.2426891003365386, 0.2422716406824654, 0.24606586946812395, 0.24696942321854096, 0.2513787853085015, 0.2515211104326052, 0.23877947598899882, 0.25127744031687305, 0.25229970774013705, 0.2526602946119766, 0.25317365451626583, 0.2517133870047249, 0.2441680875849234, 0.2556716162864476, 0.25190028711541057, 0.2547713808511218, 0.2522630804307657, 0.25675979629158974, 0.2570945635335903, 0.25122661730402135, 0.2610067428178983, 0.2547530321633979, 0.25522309766240314, 0.25882917270064354, 0.257999712524757, 0.2594321230298852, 0.25784661911734164, 0.2580398967719241, 0.26011284553024866, 0.25863697767665944, 0.25898463763806917, 0.2508156125063766, 0.2650869924013745, 0.2584301299632412, 0.2540734546539718, 0.2608034410705305, 0.2609435104037801, 0.263418321280855, 0.2636427387391051, 0.2600933890024277, 0.2663750908758542, 0.26144287612748474, 0.2600895339903766, 0.25854562279092125, 0.2697737808403087, 0.261889989959867, 0.2654211415003424, 0.26563179171452783, 0.2606815147685678, 0.2676081580352293, 0.26486459461181133, 0.26328765733601295, 0.26854026511515655, 0.2616764510126963, 0.27067165515602454, 0.2666074856095118, 0.2642597881184049, 0.2648241227518206, 0.2670121081683734, 0.26683199058656826, 0.26998760939052663, 0.26329399874969706, 0.2599083219897257, 0.24858565368268587, 0.27250641344548904, 0.2667593978957771, 0.26645805819393836, 0.2698829755289097, 0.26353613419892036]}