{"val_iou": [0.1909023029729724, 0.19703899696469307, 0.19879253394901752, 0.2029166743159294, 0.21001480612903833, 0.2450226075015962, 0.2505764444358647, 0.2575690862722695, 0.24767480278387666, 0.2441591746173799, 0.26736313104629517, 0.24436252657324076, 0.2704217922873795, 0.2741732792928815, 0.2846523835323751, 0.28013011906296015, 0.2803937788121402, 0.27682931954041123, 0.287452164106071, 0.2818120354786515, 0.2754771523177624, 0.28135625272989273, 0.2828227817080915, 0.28535704407840967, 0.2904642689973116, 0.29351973440498114, 0.2901119445450604, 0.2884270502254367, 0.29526091972365975, 0.29319833824411035, 0.2904549385420978, 0.29917908273637295, 0.29019641363993287, 0.29218986816704273, 0.29727709013968706, 0.30148159712553024, 0.2918873052112758, 0.3001362211070955, 0.3033055132254958, 0.3052811296656728, 0.3036914844997227, 0.3029157966375351, 0.30114171747118235, 0.30467114970088005, 0.30281646363437176, 0.30539240315556526, 0.29825044702738523, 0.3015326904132962, 0.31239959970116615, 0.3074000170454383, 0.3138818549923599, 0.30128054646775126, 0.3141303602606058, 0.31466998253017664, 0.3092465898953378, 0.302317435387522, 0.312021367251873, 0.30797496158629656, 0.31157590076327324, 0.3109112703241408, 0.3199040782637894, 0.30739648966118693, 0.31578816659748554, 0.3223296576179564, 0.30972252739593387, 0.3104583187960088, 0.3165536932647228, 0.32759333308786154, 0.31082125566899776, 0.3101248098537326, 0.3164625228382647, 0.30150211090222, 0.3158956924453378, 0.3228210532106459, 0.3155253054574132, 0.32206393918022513, 0.3099934603087604, 0.3262731493450701, 0.32073397375643253, 0.3170614796690643, 0.30376074463129044, 0.31507076555863023, 0.32142761955037713, 0.3197852885350585, 0.32103456696495414, 0.31660722801461816, 0.3276240932755172, 0.31378747802227736, 0.3163295853883028, 0.32547509716823697, 0.32500512758269906, 0.3109401478432119, 0.32295771362259984, 0.3187135038897395, 0.3184892702847719, 0.3223620345816016, 0.32008174480870366, 0.3222353528253734, 0.3170033674687147, 0.32409563567489386], "test_iou": [0.14277921617031097, 0.14277921617031097, 0.14277921617031097, 0.14277921617031097, 0.14277921617031097, 0.14278126507997513, 0.14377319067716599, 0.15055523067712784, 0.14698322117328644, 0.1439143717288971, 0.15326479077339172, 0.14788207411766052, 0.17011743783950806, 0.18701959401369095, 0.22896142303943634, 0.2005443572998047, 0.22229357063770294, 0.1984352245926857, 0.23616520315408707, 0.22422922402620316, 0.2168152555823326, 0.23188500106334686, 0.2010868713259697, 0.23722802847623825, 0.24466300010681152, 0.24113842099905014, 0.23562605679035187, 0.2529648542404175, 0.24761655181646347, 0.24226247519254684, 0.23797588795423508, 0.2530686557292938, 0.24516303092241287, 0.2375531643629074, 0.26951324939727783, 0.2495328113436699, 0.24410760402679443, 0.25051750242710114, 0.24541398882865906, 0.2545669823884964, 0.2541154697537422, 0.26799169182777405, 0.2519136890769005, 0.2632348984479904, 0.25853414833545685, 0.2575859799981117, 0.23616593331098557, 0.2522495836019516, 0.2547115683555603, 0.2449667975306511, 0.284905269742012, 0.2586684599518776, 0.2663416862487793, 0.2853238210082054, 0.24444007128477097, 0.2521866410970688, 0.2501362934708595, 0.2783881202340126, 0.2688266634941101, 0.27013254165649414, 0.28931623697280884, 0.25579220056533813, 0.30289068818092346, 0.29390154778957367, 0.26128312945365906, 0.2660818248987198, 0.26298239827156067, 0.30534812808036804, 0.26069945096969604, 0.2635624557733536, 0.299511656165123, 0.23780106008052826, 0.28930841386318207, 0.26948700845241547, 0.27077531814575195, 0.29130616784095764, 0.2703266739845276, 0.2981052100658417, 0.2987859547138214, 0.29478153586387634, 0.26088473200798035, 0.282529279589653, 0.2840295284986496, 0.3262079954147339, 0.28825005888938904, 0.26961615681648254, 0.3026851415634155, 0.2519974634051323, 0.3105158507823944, 0.3153855949640274, 0.3163922131061554, 0.31335219740867615, 0.2943752259016037, 0.24993441253900528, 0.28847603499889374, 0.3093545138835907, 0.2991698086261749, 0.3048151433467865, 0.3031057119369507, 0.3089376986026764], "train_iou": [0.14650771618910033, 0.176470456619377, 0.18132739452874824, 0.18393275335635226, 0.19232043598408569, 0.20468415319919586, 0.2148256403432317, 0.2187406796298615, 0.22640751664565034, 0.22807152069186512, 0.23237232945553243, 0.23470020273776904, 0.231824299856408, 0.2386391116944078, 0.2471613450715803, 0.2500512114126388, 0.25408783799981416, 0.2578416154400943, 0.2548047710363179, 0.26212140055347793, 0.26194451014473014, 0.2697971185082442, 0.26841408937965355, 0.2731286251075464, 0.2723560922664322, 0.27446493710557074, 0.2773257733820236, 0.27570664050848515, 0.277384135514906, 0.2819769756536778, 0.28512117394233405, 0.28434256811256275, 0.2831091353133933, 0.28632365111006447, 0.28683895678961113, 0.28969546233954496, 0.29257794689029865, 0.28933601050752483, 0.2945947100038398, 0.2982195542283254, 0.29577290072833023, 0.29752615032947227, 0.2944731708769112, 0.293339729717333, 0.30246616292693845, 0.30431841421004846, 0.30200823171906277, 0.30064397606335275, 0.304333169727701, 0.30818260833621025, 0.302567594314683, 0.310887064070326, 0.30709132470496714, 0.31205683890474983, 0.31112474259244255, 0.31529471390459635, 0.31333766678628855, 0.315496466747702, 0.31187261227671415, 0.3174427049617245, 0.31974256753105007, 0.3215764992653507, 0.32022713594240687, 0.32359752732596986, 0.32260262945743456, 0.3208366316577343, 0.3219476923958896, 0.32599846023606927, 0.3310634068226161, 0.3274507821626859, 0.3301343927032327, 0.33475274128252513, 0.3283909168859867, 0.32853591911596797, 0.33840954385391653, 0.34154615837008984, 0.3370847776021859, 0.34157758047931813, 0.34093280003903664, 0.33863189729721577, 0.3402408794691301, 0.3458611348720446, 0.34337965623564914, 0.3454251279161401, 0.34614446575510993, 0.34690965385469674, 0.3493479142246181, 0.3515411074949454, 0.33571233952494517, 0.35480417867433534, 0.35395658368321314, 0.3552373158298943, 0.3482686387859795, 0.34984128549695015, 0.35576229067902043, 0.3580209017310241, 0.3597634507164563, 0.35354596692813584, 0.36144849734559453, 0.3571683975727591]}