{"val_iou": [0.19060909934341908, 0.1974896020255983, 0.2019170164130628, 0.20061784097924829, 0.20264921430498362, 0.19979906594380736, 0.2009098306298256, 0.2026492445729673, 0.2055959370918572, 0.20521578891202807, 0.20919986488297582, 0.21089557884261012, 0.2423861362040043, 0.2473026984371245, 0.25103104021400213, 0.25184426875784993, 0.2537148050032556, 0.25620896043255925, 0.2586329644545913, 0.2549568312242627, 0.24555124854668975, 0.24087260803207755, 0.25566918309777975, 0.2575980955734849, 0.26213081693276763, 0.2609827294945717, 0.2593743517063558, 0.2602725592441857, 0.2601116565056145, 0.2537735803052783, 0.25584657909348607, 0.25755747174844146, 0.2652719607576728, 0.2501156460493803, 0.25902123330160975, 0.2685416075401008, 0.27279114816337824, 0.26308712968602777, 0.27867245860397816, 0.270807730499655, 0.27778822649270296, 0.2762879482470453, 0.2797788134776056, 0.279858710244298, 0.275151792448014, 0.2753054555505514, 0.2784092612564564, 0.2727743685245514, 0.27871432108804584, 0.2711529340595007, 0.2822503666393459, 0.28736971225589514, 0.28881247295066714, 0.2876179348677397, 0.2994650020264089, 0.2880315277725458, 0.3041686909273267, 0.2955929455347359, 0.3008943130262196, 0.29639530275017023, 0.3010064149275422, 0.3045803620480001, 0.29320778977125883, 0.30367878871038556, 0.3047039723023772, 0.3032197495922446, 0.304469196125865, 0.3049642131663859, 0.3050628718920052, 0.3071596100926399, 0.3007245333865285, 0.2883785981684923, 0.2998593165539205, 0.3016129028983414, 0.3042410439811647, 0.30391284404322505, 0.30472578993067145, 0.3059914531186223, 0.30521408189088106, 0.3028412749990821, 0.29439808754250407, 0.30119078513234854, 0.3005346511490643, 0.3058938649483025, 0.3061716635711491, 0.3088839198462665, 0.29186216788366437, 0.3071899274364114, 0.31060129264369607, 0.30932517535984516, 0.30248559126630425, 0.31152020022273064, 0.3121406161226332, 0.31043844670057297, 0.30997683573514223, 0.3116463194601238, 0.3064182782545686, 0.31007558247074485, 0.30619058199226856, 0.3075771061703563], "test_iou": [0.14169760048389435, 0.14195088297128677, 0.14203958213329315, 0.14204216748476028, 0.1421091929078102, 0.1420578807592392, 0.1421130895614624, 0.14208762347698212, 0.14210699498653412, 0.14210287481546402, 0.14213209599256516, 0.14213833957910538, 0.1430666595697403, 0.1435333490371704, 0.14399739354848862, 0.14678362756967545, 0.14794518798589706, 0.14590521156787872, 0.15292512625455856, 0.1533590778708458, 0.14506296068429947, 0.1503317654132843, 0.14902562648057938, 0.1507926508784294, 0.15010838955640793, 0.1517111361026764, 0.15322759002447128, 0.1583847627043724, 0.1535455286502838, 0.15070531517267227, 0.14892572909593582, 0.1611059308052063, 0.16405854374170303, 0.14211028069257736, 0.156915582716465, 0.16649696230888367, 0.16154953092336655, 0.16008321940898895, 0.15173374861478806, 0.16593635827302933, 0.177335686981678, 0.1581108719110489, 0.15544607490301132, 0.1521085575222969, 0.15888618677854538, 0.1584991291165352, 0.17186951637268066, 0.15804403275251389, 0.16114479303359985, 0.15199706703424454, 0.17418836802244186, 0.20631565898656845, 0.22545476257801056, 0.2164364904165268, 0.24750301241874695, 0.23324567079544067, 0.26038752496242523, 0.2505054548382759, 0.25260212272405624, 0.2521689236164093, 0.24725187569856644, 0.26825377345085144, 0.2449619621038437, 0.253006286919117, 0.25994873046875, 0.2536839619278908, 0.2649560570716858, 0.2650125026702881, 0.2646036446094513, 0.258620947599411, 0.26333437114953995, 0.23370925337076187, 0.25946909934282303, 0.25417016446590424, 0.24931026250123978, 0.25636573135852814, 0.2588866278529167, 0.252757765352726, 0.2495623081922531, 0.24594054371118546, 0.2504344508051872, 0.24686679989099503, 0.25522831082344055, 0.25747057795524597, 0.2584531679749489, 0.26364652812480927, 0.26001591980457306, 0.2559412196278572, 0.2605878785252571, 0.2615000605583191, 0.24444495886564255, 0.24794307351112366, 0.2517063617706299, 0.25836075842380524, 0.2589907944202423, 0.2525980919599533, 0.26532433182001114, 0.25430093705654144, 0.2539627477526665, 0.26525572687387466], "train_iou": [0.1547494825639137, 0.17702491407933302, 0.1819428652780105, 0.18360028816514637, 0.1853005436746633, 0.18670159093525313, 0.18673910004125066, 0.184426571102175, 0.18847756991035317, 0.1883502386204184, 0.18968760390600112, 0.19168762347265467, 0.1967445201151175, 0.20887953833970305, 0.2196366744090433, 0.22600190770136167, 0.22952436405706078, 0.23078669194285184, 0.23196271715098865, 0.23678670527592097, 0.23615392766994972, 0.24134798480631553, 0.24191801510240935, 0.24482191537749276, 0.24492220937797468, 0.24726401478664517, 0.25117242785349286, 0.24884872016024917, 0.24929270337093368, 0.259183783747562, 0.26126101102731, 0.2648572240484087, 0.25867535367812194, 0.2646885062121365, 0.27159632788333177, 0.2723962523757595, 0.27695972161137894, 0.27851215785700983, 0.28278068310185656, 0.28848779329086005, 0.28556347071920357, 0.28957429104675986, 0.2767706981872859, 0.29236809036707223, 0.2942478080114273, 0.28852721747674354, 0.29675760166081666, 0.29997949154205517, 0.30605676698766343, 0.3099959872356833, 0.31499409144871854, 0.3317766467696183, 0.34007673348261885, 0.34910810978649415, 0.3485499414781185, 0.3526162313782189, 0.3519844489350711, 0.3624049951768901, 0.3653019924890505, 0.36229653212509744, 0.3708185837795473, 0.3722604403450881, 0.3579421464915145, 0.35616798887718215, 0.3729579861033453, 0.3763819923751975, 0.37459303882636436, 0.37144825566713124, 0.3800362812431708, 0.38303330015033893, 0.37895493530859686, 0.37472321593189895, 0.36875140615930296, 0.37947859150702007, 0.38482237785850487, 0.3930035616743238, 0.38485745003778643, 0.3933947953357272, 0.37972532641397766, 0.384481221131266, 0.3940143834748497, 0.38976682089779474, 0.36254802065556996, 0.39316791852247224, 0.40607985114193945, 0.4135122031789936, 0.40749952620635294, 0.41239727482403793, 0.41525365442854084, 0.4132101007112085, 0.4183628412142192, 0.4226610922343927, 0.41406792004222737, 0.4162500395554386, 0.42650527593820065, 0.43048026402519174, 0.4277674456777638, 0.41751484965829, 0.416282884878655, 0.4210094880465775]}