{"val_iou": [0.16410787729546428, 0.1671087769791484, 0.17373449634760618, 0.18198086880147457, 0.19314222922548652, 0.1927636219188571, 0.20909340353682637, 0.20181608386337757, 0.19401852693408728, 0.20766703831031919, 0.21139076817780733, 0.21985843544825912, 0.2229574895463884, 0.21370191453024745, 0.22325371718034148, 0.22364021372050047, 0.21835217950865626, 0.22240535030141473, 0.22386241611093283, 0.22417462430894375, 0.2277520066127181, 0.228141060564667, 0.22943129017949104, 0.22479400783777237, 0.23568010423332453, 0.22786260722205043, 0.223800512496382, 0.221292516682297, 0.2227337108924985, 0.23947033984586596, 0.23252351442351937, 0.2270663669332862, 0.22929101111367345, 0.2327931085601449, 0.22848800290375948, 0.22804506588727236, 0.24270850839093328, 0.2265171487815678, 0.22600223496556282, 0.22481372160837054, 0.23696422250941396, 0.23067404609173536, 0.2341033387929201, 0.2419038824737072, 0.23536263080313802, 0.24273983063176274, 0.23627963988110423, 0.23874778114259243, 0.23443415202200413, 0.22620546258985996, 0.23397159110754728, 0.244618967641145, 0.2300284425728023, 0.22398106707260013, 0.23769562458619475, 0.23765731835737824, 0.23945524590089917, 0.24135815864428878, 0.23644770355895162, 0.24137356597930193, 0.2272871918976307, 0.2452948405407369, 0.2364676995202899, 0.23764252150431275, 0.24304294819012284, 0.23967474047094584, 0.23882779944688082, 0.23594400519505143, 0.23754741391167045, 0.23821451142430305, 0.24097470799461007, 0.23458961816504598, 0.23097758926451206, 0.23980439640581608, 0.24314027791842818, 0.2330928505398333, 0.245214129332453, 0.2294286941178143, 0.2355662160553038, 0.23308546608313918, 0.2300502941943705, 0.2351766899228096, 0.23255559662356973, 0.233752247877419, 0.22702034562826157, 0.237560766749084, 0.23637762991711497, 0.23839273396879435, 0.2333104247227311, 0.23540140269324183, 0.2304128846153617, 0.24409479787573218], "test_iou": [0.14277921617031097, 0.14277921617031097, 0.14277921617031097, 0.14277921617031097, 0.14277921617031097, 0.14277921617031097, 0.16110339015722275, 0.15907706320285797, 0.14425569027662277, 0.18827944993972778, 0.1866956502199173, 0.19308868795633316, 0.19224394857883453, 0.19245316833257675, 0.1943696141242981, 0.1935514286160469, 0.18946708738803864, 0.18927456438541412, 0.19149640947580338, 0.19428616017103195, 0.1992417648434639, 0.19758563488721848, 0.19282441586256027, 0.1898430958390236, 0.19062751531600952, 0.19104405492544174, 0.1963142529129982, 0.19033919274806976, 0.19278615713119507, 0.20286744832992554, 0.20183885842561722, 0.19464055448770523, 0.19903569668531418, 0.19582845270633698, 0.19953742623329163, 0.1978941410779953, 0.19699780642986298, 0.19988081604242325, 0.19244492053985596, 0.19559921324253082, 0.20225301384925842, 0.1938977614045143, 0.19869328290224075, 0.1977681666612625, 0.202277772128582, 0.21166696399450302, 0.20394744724035263, 0.19773422181606293, 0.19550367444753647, 0.19760315120220184, 0.19935914874076843, 0.21034085750579834, 0.19104155898094177, 0.1982804760336876, 0.21404747664928436, 0.19494815915822983, 0.20564036071300507, 0.1993187591433525, 0.19489114731550217, 0.20000262558460236, 0.1861213892698288, 0.21438871324062347, 0.19645265489816666, 0.2058553248643875, 0.2034878134727478, 0.19520509243011475, 0.19696418195962906, 0.20614665001630783, 0.19618461281061172, 0.20137500017881393, 0.19960442185401917, 0.19351569563150406, 0.21243949234485626, 0.19236349314451218, 0.20433580875396729, 0.20087504386901855, 0.20784398168325424, 0.20085565745830536, 0.18775036931037903, 0.20387377589941025, 0.19575250893831253, 0.20152995735406876, 0.1928943693637848, 0.2000661939382553, 0.19868114590644836, 0.2032337635755539, 0.20065639913082123, 0.20446603745222092, 0.20577676594257355, 0.2009570077061653, 0.1964714601635933, 0.20296569168567657], "train_iou": [0.15101549841426887, 0.17499988475074507, 0.17990932782014754, 0.1861824939818415, 0.1996234876856412, 0.2041596117595287, 0.21562307128963404, 0.21746206380528946, 0.22751197770033796, 0.22682350838225182, 0.23166506058753353, 0.2361895980900281, 0.2406274147637903, 0.23688024083433085, 0.24281505832116898, 0.24715392107832923, 0.24544516741617084, 0.24952135235071182, 0.25387252214020245, 0.2549710223731929, 0.2524174054803914, 0.26256582600204914, 0.26233486269843087, 0.26270776456349515, 0.26366506328117356, 0.2696652420069257, 0.26979194775427856, 0.2690274458735773, 0.2689445495911657, 0.26797184128671475, 0.2748673122427235, 0.2770450029981463, 0.27687367179418265, 0.27568309621451653, 0.27934574953293145, 0.2844888672028502, 0.2800699706151061, 0.28180107576389835, 0.2837958498666548, 0.2846677687580455, 0.2813714658969069, 0.28445954911717, 0.28602503775937915, 0.28856433371770873, 0.2896135433589759, 0.2867746587893734, 0.2892895726206368, 0.2886124901881773, 0.29288180208165354, 0.290883512070326, 0.2821194051879726, 0.28980831648797206, 0.2936242993359696, 0.2885224328261532, 0.2895794614945372, 0.29289468153290554, 0.2965236218926841, 0.29006117602733716, 0.2976049776252818, 0.2961080330998114, 0.2935361081402596, 0.2924257551562296, 0.29700649754233555, 0.2944179813645474, 0.2913618390894916, 0.2970034184623255, 0.29799012303964734, 0.2974996887249489, 0.2966334540652086, 0.29520890438189246, 0.29764270859017766, 0.29673166787379407, 0.29497293086901105, 0.297236777995139, 0.2965616619035806, 0.3013056606462557, 0.29741497771584824, 0.30138122606767365, 0.30073579987638616, 0.2982006133215068, 0.30069153424199313, 0.2989172942630232, 0.30370512196462446, 0.3002262331341227, 0.30347760787157163, 0.3024392104516291, 0.3012640154218837, 0.30525364119508497, 0.3041024259100222, 0.30106336562192604, 0.2925822950695475, 0.3070846107622532]}